encoder,split,depth,n_probes,budgeted,recall,recall_stderr,scan_mean,scan_p50,scan_p95,scan_max,n_ranges,budget_filled
hilbert-pca2-b30,validation,2,1,0,0.38,0.0186,0.07611,0.07863,0.126,0.126,1.0,1.0
hilbert-pca2-b30,test,2,1,0,0.3575,0.0184,0.07364,0.07737,0.126,0.126,1.0,1.0
hilbert-pca2-b30,validation,2,2,0,0.5845,0.0212,0.14226,0.1415,0.186,0.186,1.42,1.0
hilbert-pca2-b30,test,2,2,0,0.598,0.0214,0.1409,0.1415,0.186,0.186,1.41,1.0
hilbert-pca2-b30,validation,2,4,0,0.767,0.0177,0.25973,0.2705,0.324,0.324,1.51,1.0
hilbert-pca2-b30,test,2,4,0,0.7795,0.0172,0.26065,0.2705,0.31497,0.324,1.62,1.0
hilbert-pca2-b30,validation,2,8,0,0.927,0.0098,0.49113,0.48488,0.58625,0.59475,2.26,1.0
hilbert-pca2-b30,test,2,8,0,0.943,0.0077,0.49614,0.48762,0.58625,0.59475,2.23,1.0
hilbert-pca2-b30,validation,2,16,0,1.0,0.0,1.0,1.0,1.0,1.0,1.0,1.0
hilbert-pca2-b30,test,2,16,0,1.0,0.0,1.0,1.0,1.0,1.0,1.0,1.0
hilbert-pca2-b30,validation,2,32,0,1.0,0.0,1.0,1.0,1.0,1.0,1.0,1.0
hilbert-pca2-b30,test,2,32,0,1.0,0.0,1.0,1.0,1.0,1.0,1.0,1.0
hilbert-pca2-b30,validation,2,64,0,1.0,0.0,1.0,1.0,1.0,1.0,1.0,1.0
hilbert-pca2-b30,test,2,64,0,1.0,0.0,1.0,1.0,1.0,1.0,1.0,1.0
hilbert-pca2-b30,validation,2,40,1,0.036,0.0055,0.005,0.005,0.005,0.005,1.0,1.0
hilbert-pca2-b30,test,2,40,1,0.027,0.0041,0.005,0.005,0.005,0.005,1.0,1.0
hilbert-pca2-b30,validation,2,80,1,0.0595,0.0068,0.01,0.01,0.01,0.01,1.0,1.0
hilbert-pca2-b30,test,2,80,1,0.048,0.0058,0.01,0.01,0.01,0.01,1.0,1.0
hilbert-pca2-b30,validation,2,160,1,0.1225,0.0107,0.02,0.02,0.02,0.02,1.0,1.0
hilbert-pca2-b30,test,2,160,1,0.103,0.0093,0.02,0.02,0.02,0.02,1.0,1.0
hilbert-pca2-b30,validation,2,400,1,0.2725,0.0154,0.05,0.05,0.05,0.05,1.12,1.0
hilbert-pca2-b30,test,2,400,1,0.266,0.0152,0.05,0.05,0.05,0.05,1.15,1.0
hilbert-pca2-b30,validation,3,1,0,0.1785,0.0139,0.02173,0.0215,0.03802,0.05038,1.0,1.0
hilbert-pca2-b30,test,3,1,0,0.165,0.0123,0.02088,0.021,0.03737,0.05038,1.0,1.0
hilbert-pca2-b30,validation,3,2,0,0.283,0.0174,0.0417,0.04362,0.07525,0.07925,1.48,1.0
hilbert-pca2-b30,test,3,2,0,0.293,0.0171,0.04132,0.04213,0.07545,0.07925,1.45,1.0
hilbert-pca2-b30,validation,3,4,0,0.415,0.0202,0.07796,0.08069,0.126,0.126,1.92,1.0
hilbert-pca2-b30,test,3,4,0,0.4455,0.0208,0.07699,0.07737,0.126,0.126,1.91,1.0
hilbert-pca2-b30,validation,3,8,0,0.617,0.0209,0.14439,0.15375,0.18688,0.1965,2.58,1.0
hilbert-pca2-b30,test,3,8,0,0.6295,0.0203,0.14224,0.14688,0.18688,0.192,2.58,1.0
hilbert-pca2-b30,validation,3,16,0,0.8025,0.0168,0.2638,0.2705,0.32145,0.331,3.13,1.0
hilbert-pca2-b30,test,3,16,0,0.798,0.0169,0.26304,0.2705,0.31794,0.32963,3.17,1.0
hilbert-pca2-b30,validation,3,32,0,0.9385,0.0082,0.49286,0.48962,0.565,0.58575,4.13,1.0
hilbert-pca2-b30,test,3,32,0,0.948,0.0073,0.49861,0.48975,0.56525,0.58575,4.22,1.0
hilbert-pca2-b30,validation,3,64,0,1.0,0.0,1.0,1.0,1.0,1.0,1.0,1.0
hilbert-pca2-b30,test,3,64,0,1.0,0.0,1.0,1.0,1.0,1.0,1.0,1.0
hilbert-pca2-b30,validation,3,40,1,0.0455,0.0052,0.005,0.005,0.005,0.005,1.0,1.0
hilbert-pca2-b30,test,3,40,1,0.0365,0.005,0.005,0.005,0.005,0.005,1.0,1.0
hilbert-pca2-b30,validation,3,80,1,0.079,0.0075,0.01,0.01,0.01,0.01,1.03,1.0
hilbert-pca2-b30,test,3,80,1,0.0845,0.0081,0.01,0.01,0.01,0.01,1.05,1.0
hilbert-pca2-b30,validation,3,160,1,0.161,0.0112,0.02,0.02,0.02,0.02,1.21,1.0
hilbert-pca2-b30,test,3,160,1,0.1605,0.0118,0.02,0.02,0.02,0.02,1.28,1.0
hilbert-pca2-b30,validation,3,400,1,0.316,0.0168,0.05,0.05,0.05,0.05,1.94,1.0
hilbert-pca2-b30,test,3,400,1,0.3275,0.017,0.05,0.05,0.05,0.05,1.88,1.0
hilbert-pca2-b30,validation,4,1,0,0.0545,0.007,0.00571,0.00519,0.01225,0.01688,1.0,1.0
hilbert-pca2-b30,test,4,1,0,0.0555,0.0063,0.00538,0.005,0.01112,0.01688,1.0,1.0
hilbert-pca2-b30,validation,4,2,0,0.101,0.0103,0.0113,0.01031,0.025,0.029,1.48,1.0
hilbert-pca2-b30,test,4,2,0,0.1045,0.0096,0.01103,0.01013,0.025,0.029,1.42,1.0
hilbert-pca2-b30,validation,4,4,0,0.174,0.0137,0.02191,0.02137,0.03988,0.05038,1.97,1.0
hilbert-pca2-b30,test,4,4,0,0.186,0.013,0.02136,0.02088,0.03952,0.05038,1.92,1.0
hilbert-pca2-b30,validation,4,8,0,0.297,0.0176,0.04199,0.04287,0.07525,0.0805,2.73,1.0
hilbert-pca2-b30,test,4,8,0,0.2985,0.0174,0.04092,0.0405,0.07162,0.08163,2.7,1.0
hilbert-pca2-b30,validation,4,16,0,0.4455,0.0203,0.0789,0.08381,0.126,0.12675,3.99,1.0
hilbert-pca2-b30,test,4,16,0,0.4435,0.0211,0.0771,0.07719,0.1239,0.12675,3.88,1.0
hilbert-pca2-b30,validation,4,32,0,0.6235,0.0202,0.14435,0.15506,0.18738,0.19287,5.14,1.0
hilbert-pca2-b30,test,4,32,0,0.6385,0.0201,0.1423,0.14794,0.18588,0.19475,5.08,1.0
hilbert-pca2-b30,validation,4,64,0,0.802,0.0169,0.26467,0.27125,0.32212,0.32837,6.2,1.0
hilbert-pca2-b30,test,4,64,0,0.804,0.0165,0.26389,0.2705,0.3209,0.32738,6.11,1.0
hilbert-pca2-b30,validation,4,40,1,0.047,0.006,0.005,0.005,0.005,0.005,1.25,1.0
hilbert-pca2-b30,test,4,40,1,0.053,0.006,0.005,0.005,0.005,0.005,1.27,1.0
hilbert-pca2-b30,validation,4,80,1,0.085,0.0079,0.01,0.01,0.01,0.01,1.73,1.0
hilbert-pca2-b30,test,4,80,1,0.1015,0.0091,0.01,0.01,0.01,0.01,1.74,1.0
hilbert-pca2-b30,validation,4,160,1,0.1535,0.0113,0.02,0.02,0.02,0.02,2.25,1.0
hilbert-pca2-b30,test,4,160,1,0.1655,0.0119,0.02,0.02,0.02,0.02,2.26,1.0
hilbert-pca2-b30,validation,4,400,1,0.3345,0.0169,0.05,0.05,0.05,0.05,3.48,1.0
hilbert-pca2-b30,test,4,400,1,0.3365,0.0178,0.05,0.05,0.05,0.05,3.4,1.0
hilbert-pca2-b30,validation,5,1,0,0.0145,0.0033,0.00145,0.00125,0.00301,0.0055,1.0,1.0
hilbert-pca2-b30,test,5,1,0,0.021,0.0037,0.00139,0.00125,0.003,0.0055,1.0,1.0
hilbert-pca2-b30,validation,5,2,0,0.032,0.006,0.00291,0.00263,0.006,0.01025,1.54,1.0
hilbert-pca2-b30,test,5,2,0,0.039,0.0054,0.00283,0.00263,0.00601,0.00813,1.49,1.0
hilbert-pca2-b30,validation,5,4,0,0.0505,0.0071,0.00572,0.00525,0.01177,0.01688,2.15,1.0
hilbert-pca2-b30,test,5,4,0,0.0635,0.0072,0.00559,0.00494,0.01201,0.01688,2.12,1.0
hilbert-pca2-b30,validation,5,8,0,0.103,0.0101,0.01133,0.01087,0.02451,0.02962,2.87,1.0
hilbert-pca2-b30,test,5,8,0,0.1105,0.0093,0.01096,0.00994,0.02294,0.02962,2.83,1.0
hilbert-pca2-b30,validation,5,16,0,0.176,0.0138,0.02207,0.02137,0.04208,0.05038,4.1,1.0
hilbert-pca2-b30,test,5,16,0,0.1905,0.0132,0.02167,0.02075,0.04303,0.05038,4.04,1.0
hilbert-pca2-b30,validation,5,32,0,0.298,0.0178,0.04203,0.04331,0.07179,0.081,5.73,1.0
hilbert-pca2-b30,test,5,32,0,0.2955,0.0177,0.04111,0.04,0.07169,0.08125,5.77,1.0
hilbert-pca2-b30,validation,5,64,0,0.449,0.0198,0.07883,0.084,0.12488,0.12687,7.88,1.0
hilbert-pca2-b30,test,5,64,0,0.447,0.0205,0.07709,0.07575,0.12295,0.12687,7.54,1.0
hilbert-pca2-b30,validation,5,40,1,0.0465,0.0063,0.005,0.005,0.005,0.005,2.4,1.0
hilbert-pca2-b30,test,5,40,1,0.0575,0.0067,0.005,0.005,0.005,0.005,2.5,1.0
hilbert-pca2-b30,validation,5,80,1,0.088,0.0084,0.01,0.01,0.01,0.01,3.37,1.0
hilbert-pca2-b30,test,5,80,1,0.0985,0.0091,0.01,0.01,0.01,0.01,3.24,1.0
hilbert-pca2-b30,validation,5,160,1,0.1585,0.0107,0.02,0.02,0.02,0.02,4.58,1.0
hilbert-pca2-b30,test,5,160,1,0.173,0.0119,0.02,0.02,0.02,0.02,4.54,1.0
hilbert-pca2-b30,validation,5,400,1,0.332,0.017,0.05,0.05,0.05,0.05,7.18,1.0
hilbert-pca2-b30,test,5,400,1,0.337,0.018,0.05,0.05,0.05,0.05,7.0,1.0
hilbert-pca2-b30,validation,6,1,0,0.0045,0.0015,0.00035,0.00025,0.00088,0.002,1.0,1.0
hilbert-pca2-b30,test,6,1,0,0.007,0.0018,0.00037,0.00025,0.00088,0.0015,1.0,1.0
hilbert-pca2-b30,validation,6,2,0,0.009,0.0027,0.00073,0.00063,0.00151,0.003,1.46,1.0
hilbert-pca2-b30,test,6,2,0,0.0105,0.0023,0.00071,0.00063,0.00151,0.00287,1.48,1.0
hilbert-pca2-b30,validation,6,4,0,0.019,0.0039,0.00145,0.00125,0.00313,0.00525,2.11,1.0
hilbert-pca2-b30,test,6,4,0,0.023,0.0039,0.00141,0.00125,0.00276,0.0055,2.2,1.0
hilbert-pca2-b30,validation,6,8,0,0.0335,0.0058,0.00288,0.00263,0.00601,0.01013,3.04,1.0
hilbert-pca2-b30,test,6,8,0,0.0365,0.0054,0.00279,0.0025,0.00575,0.0095,2.98,1.0
hilbert-pca2-b30,validation,6,16,0,0.054,0.0073,0.00576,0.00525,0.01175,0.01625,4.31,1.0
hilbert-pca2-b30,test,6,16,0,0.0695,0.0074,0.00557,0.005,0.01139,0.01562,4.32,1.0
hilbert-pca2-b30,validation,6,32,0,0.1025,0.01,0.01131,0.01069,0.02401,0.0295,6.08,1.0
hilbert-pca2-b30,test,6,32,0,0.1155,0.0101,0.011,0.01006,0.02304,0.02925,6.03,1.0
hilbert-pca2-b30,validation,6,64,0,0.1755,0.0136,0.02205,0.02138,0.04254,0.05137,8.22,1.0
hilbert-pca2-b30,test,6,64,0,0.192,0.0133,0.02157,0.02063,0.04277,0.05038,8.06,1.0
hilbert-pca2-b30,validation,6,40,1,0.0445,0.0061,0.005,0.005,0.005,0.005,5.86,1.0
hilbert-pca2-b30,test,6,40,1,0.0625,0.0071,0.005,0.005,0.005,0.005,5.75,1.0
hilbert-pca2-b30,validation,6,80,1,0.0875,0.0084,0.01,0.01,0.01,0.01,9.5,1.0
hilbert-pca2-b30,test,6,80,1,0.1035,0.0094,0.01,0.01,0.01,0.01,9.43,1.0
hilbert-pca2-b30,validation,6,160,1,0.16,0.0109,0.02,0.02,0.02,0.02,16.0,1.0
hilbert-pca2-b30,test,6,160,1,0.1705,0.0117,0.02,0.02,0.02,0.02,15.39,1.0
hilbert-pca2-b30,validation,6,400,1,0.334,0.0172,0.05,0.05,0.05,0.05,32.15,1.0
hilbert-pca2-b30,test,6,400,1,0.3335,0.018,0.05,0.05,0.05,0.05,31.57,1.0
hilbert-pca2-b30,validation,7,1,0,0.0025,0.0011,9e-05,0.0,0.00025,0.00075,1.0,1.0
hilbert-pca2-b30,test,7,1,0,0.003,0.0012,0.0001,0.00013,0.00038,0.0005,1.0,1.0
hilbert-pca2-b30,validation,7,2,0,0.003,0.0012,0.00018,0.00013,0.00063,0.00112,1.48,1.0
hilbert-pca2-b30,test,7,2,0,0.004,0.0014,0.00018,0.00013,0.0005,0.00075,1.43,1.0
hilbert-pca2-b30,validation,7,4,0,0.006,0.002,0.00034,0.00025,0.00088,0.00175,2.15,1.0
hilbert-pca2-b30,test,7,4,0,0.0065,0.0017,0.00036,0.00025,0.00088,0.00112,2.1,1.0
hilbert-pca2-b30,validation,7,8,0,0.011,0.0026,0.00073,0.00063,0.00162,0.003,3.0,1.0
hilbert-pca2-b30,test,7,8,0,0.011,0.0022,0.00073,0.00063,0.00162,0.00287,2.98,1.0
hilbert-pca2-b30,validation,7,16,0,0.0165,0.0035,0.00146,0.00125,0.003,0.00525,4.46,1.0
hilbert-pca2-b30,test,7,16,0,0.02,0.0038,0.00145,0.00137,0.00287,0.00525,4.51,1.0
hilbert-pca2-b30,validation,7,32,0,0.0325,0.0054,0.00286,0.00263,0.00601,0.01,6.21,1.0
hilbert-pca2-b30,test,7,32,0,0.038,0.0053,0.0028,0.0025,0.00614,0.00962,6.21,1.0
hilbert-pca2-b30,validation,7,64,0,0.055,0.0072,0.00575,0.00525,0.01176,0.01663,8.79,1.0
hilbert-pca2-b30,test,7,64,0,0.0675,0.0072,0.00554,0.005,0.0114,0.01625,8.49,1.0
hilbert-pca2-b30,validation,7,40,1,0.0445,0.006,0.005,0.005,0.005,0.005,18.05,1.0
hilbert-pca2-b30,test,7,40,1,0.0635,0.0069,0.005,0.005,0.005,0.005,18.57,1.0
hilbert-pca2-b30,validation,7,80,1,0.0845,0.0082,0.01,0.01,0.01,0.01,34.27,1.0
hilbert-pca2-b30,test,7,80,1,0.1045,0.0096,0.01,0.01,0.01,0.01,35.23,1.0
hilbert-pca2-b30,validation,7,160,1,0.16,0.0108,0.02,0.02,0.02,0.02,66.25,1.0
hilbert-pca2-b30,test,7,160,1,0.171,0.0117,0.02,0.02,0.02,0.02,67.14,1.0
hilbert-pca2-b30,validation,7,400,1,0.3345,0.0173,0.05,0.05,0.05,0.05,161.4,1.0
hilbert-pca2-b30,test,7,400,1,0.337,0.0176,0.05,0.05,0.05,0.05,162.09,1.0
hilbert-pca2-b30,validation,8,1,0,0.0005,0.0005,2e-05,0.0,0.00013,0.00025,1.0,1.0
hilbert-pca2-b30,test,8,1,0,0.002,0.001,2e-05,0.0,0.00013,0.00025,1.0,1.0
hilbert-pca2-b30,validation,8,2,0,0.0005,0.0005,4e-05,0.0,0.00025,0.00038,1.46,1.0
hilbert-pca2-b30,test,8,2,0,0.002,0.001,5e-05,0.0,0.00025,0.00038,1.5,1.0
hilbert-pca2-b30,validation,8,4,0,0.0005,0.0005,9e-05,0.0,0.00025,0.00063,2.15,1.0
hilbert-pca2-b30,test,8,4,0,0.0025,0.0011,9e-05,0.0,0.00038,0.0005,2.16,1.0
hilbert-pca2-b30,validation,8,8,0,0.0035,0.0013,0.00018,0.00013,0.0005,0.00112,2.94,1.0
hilbert-pca2-b30,test,8,8,0,0.005,0.0015,0.00019,0.00013,0.0005,0.00075,2.94,1.0
hilbert-pca2-b30,validation,8,16,0,0.0055,0.0016,0.00035,0.00025,0.00088,0.00175,4.55,1.0
hilbert-pca2-b30,test,8,16,0,0.006,0.0017,0.00037,0.00038,0.00088,0.00137,4.45,1.0
hilbert-pca2-b30,validation,8,32,0,0.0105,0.0026,0.00072,0.00063,0.00162,0.00313,6.16,1.0
hilbert-pca2-b30,test,8,32,0,0.0105,0.0022,0.00072,0.00063,0.00151,0.00325,6.22,1.0
hilbert-pca2-b30,validation,8,64,0,0.017,0.0034,0.00145,0.00125,0.00313,0.005,8.98,1.0
hilbert-pca2-b30,test,8,64,0,0.019,0.0036,0.00142,0.00125,0.00287,0.005,8.9,1.0
hilbert-pca2-b30,validation,8,40,1,0.0475,0.0061,0.005,0.005,0.005,0.005,31.79,1.0
hilbert-pca2-b30,test,8,40,1,0.0645,0.0071,0.005,0.005,0.005,0.005,31.89,1.0
hilbert-pca2-b30,validation,8,80,1,0.0815,0.008,0.01,0.01,0.01,0.01,62.73,1.0
hilbert-pca2-b30,test,8,80,1,0.102,0.0094,0.01,0.01,0.01,0.01,62.85,1.0
hilbert-pca2-b30,validation,8,160,1,0.1585,0.0108,0.02,0.02,0.02,0.02,124.47,1.0
hilbert-pca2-b30,test,8,160,1,0.17,0.0116,0.02,0.02,0.02,0.02,125.08,1.0
hilbert-pca2-b30,validation,8,400,1,0.327,0.0171,0.04784,0.05,0.05,0.05,294.76,0.785
hilbert-pca2-b30,test,8,400,1,0.3255,0.0171,0.04812,0.05,0.05,0.05,297.11,0.8
hilbert-pca2-b30,validation,10,1,0,0.0005,0.0005,0.0,0.0,0.0,0.00025,1.0,1.0
hilbert-pca2-b30,test,10,1,0,0.0015,0.0009,0.0,0.0,0.0,0.00013,1.0,1.0
hilbert-pca2-b30,validation,10,2,0,0.0005,0.0005,0.0,0.0,0.0,0.00025,1.46,1.0
hilbert-pca2-b30,test,10,2,0,0.0015,0.0009,0.0,0.0,0.0,0.00013,1.47,1.0
hilbert-pca2-b30,validation,10,4,0,0.0005,0.0005,1e-05,0.0,0.0,0.00025,2.12,1.0
hilbert-pca2-b30,test,10,4,0,0.0015,0.0009,0.0,0.0,0.0,0.00013,2.19,1.0
hilbert-pca2-b30,validation,10,8,0,0.0005,0.0005,1e-05,0.0,0.00013,0.00025,3.03,1.0
hilbert-pca2-b30,test,10,8,0,0.002,0.001,1e-05,0.0,0.00013,0.00013,3.05,1.0
hilbert-pca2-b30,validation,10,16,0,0.0005,0.0005,2e-05,0.0,0.00013,0.00025,4.64,1.0
hilbert-pca2-b30,test,10,16,0,0.002,0.001,2e-05,0.0,0.00013,0.00025,4.64,1.0
hilbert-pca2-b30,validation,10,32,0,0.0005,0.0005,5e-05,0.0,0.00025,0.00063,6.36,1.0
hilbert-pca2-b30,test,10,32,0,0.002,0.001,5e-05,0.0,0.00025,0.00038,6.16,1.0
hilbert-pca2-b30,validation,10,64,0,0.001,0.0007,9e-05,0.0,0.00026,0.00063,8.92,1.0
hilbert-pca2-b30,test,10,64,0,0.003,0.0012,0.0001,0.00013,0.00038,0.0005,9.02,1.0
hilbert-pca2-b30,validation,10,40,1,0.0405,0.0056,0.00422,0.005,0.005,0.005,33.02,0.57
hilbert-pca2-b30,test,10,40,1,0.0535,0.0061,0.00421,0.00487,0.005,0.005,33.09,0.495
hilbert-pca2-b30,validation,10,80,1,0.051,0.0066,0.00552,0.00525,0.01,0.01,43.05,0.09
hilbert-pca2-b30,test,10,80,1,0.0655,0.0067,0.00532,0.00487,0.01,0.01,41.73,0.09
hilbert-pca2-b30,validation,10,160,1,0.055,0.0071,0.00576,0.00525,0.01176,0.01675,44.92,0.0
hilbert-pca2-b30,test,10,160,1,0.0665,0.0068,0.00554,0.00487,0.01116,0.01588,43.43,0.0
hilbert-pca2-b30,validation,10,400,1,0.055,0.0071,0.00576,0.00525,0.01176,0.01675,44.92,0.0
hilbert-pca2-b30,test,10,400,1,0.0665,0.0068,0.00554,0.00487,0.01116,0.01588,43.43,0.0
morton-pca2-b30,validation,2,1,0,0.38,0.0186,0.07611,0.07863,0.126,0.126,1.0,1.0
morton-pca2-b30,test,2,1,0,0.3575,0.0184,0.07364,0.07737,0.126,0.126,1.0,1.0
morton-pca2-b30,validation,2,2,0,0.5845,0.0212,0.14226,0.1415,0.186,0.186,1.65,1.0
morton-pca2-b30,test,2,2,0,0.598,0.0214,0.1409,0.1415,0.186,0.186,1.66,1.0
morton-pca2-b30,validation,2,4,0,0.767,0.0177,0.25973,0.2705,0.324,0.324,1.78,1.0
morton-pca2-b30,test,2,4,0,0.7795,0.0172,0.26065,0.2705,0.31497,0.324,1.91,1.0
morton-pca2-b30,validation,2,8,0,0.927,0.0098,0.49113,0.48488,0.58625,0.59475,2.95,1.0
morton-pca2-b30,test,2,8,0,0.943,0.0077,0.49614,0.48762,0.58625,0.59475,2.94,1.0
morton-pca2-b30,validation,2,16,0,1.0,0.0,1.0,1.0,1.0,1.0,1.0,1.0
morton-pca2-b30,test,2,16,0,1.0,0.0,1.0,1.0,1.0,1.0,1.0,1.0
morton-pca2-b30,validation,2,32,0,1.0,0.0,1.0,1.0,1.0,1.0,1.0,1.0
morton-pca2-b30,test,2,32,0,1.0,0.0,1.0,1.0,1.0,1.0,1.0,1.0
morton-pca2-b30,validation,2,64,0,1.0,0.0,1.0,1.0,1.0,1.0,1.0,1.0
morton-pca2-b30,test,2,64,0,1.0,0.0,1.0,1.0,1.0,1.0,1.0,1.0
morton-pca2-b30,validation,2,40,1,0.0355,0.0055,0.005,0.005,0.005,0.005,1.0,1.0
morton-pca2-b30,test,2,40,1,0.025,0.0046,0.005,0.005,0.005,0.005,1.0,1.0
morton-pca2-b30,validation,2,80,1,0.061,0.0071,0.01,0.01,0.01,0.01,1.0,1.0
morton-pca2-b30,test,2,80,1,0.0485,0.0063,0.01,0.01,0.01,0.01,1.0,1.0
morton-pca2-b30,validation,2,160,1,0.121,0.0107,0.02,0.02,0.02,0.02,1.0,1.0
morton-pca2-b30,test,2,160,1,0.104,0.0094,0.02,0.02,0.02,0.02,1.0,1.0
morton-pca2-b30,validation,2,400,1,0.2715,0.0156,0.05,0.05,0.05,0.05,1.18,1.0
morton-pca2-b30,test,2,400,1,0.2505,0.0157,0.05,0.05,0.05,0.05,1.21,1.0
morton-pca2-b30,validation,3,1,0,0.1785,0.0139,0.02173,0.0215,0.03802,0.05038,1.0,1.0
morton-pca2-b30,test,3,1,0,0.165,0.0123,0.02088,0.021,0.03737,0.05038,1.0,1.0
morton-pca2-b30,validation,3,2,0,0.283,0.0174,0.0417,0.04362,0.07525,0.07925,1.75,1.0
morton-pca2-b30,test,3,2,0,0.293,0.0171,0.04132,0.04213,0.07545,0.07925,1.68,1.0
morton-pca2-b30,validation,3,4,0,0.415,0.0202,0.07796,0.08069,0.126,0.126,2.31,1.0
morton-pca2-b30,test,3,4,0,0.4455,0.0208,0.07699,0.07737,0.126,0.126,2.27,1.0
morton-pca2-b30,validation,3,8,0,0.617,0.0209,0.14439,0.15375,0.18688,0.1965,3.45,1.0
morton-pca2-b30,test,3,8,0,0.6295,0.0203,0.14224,0.14688,0.18688,0.192,3.4,1.0
morton-pca2-b30,validation,3,16,0,0.8025,0.0168,0.2638,0.2705,0.32145,0.331,4.32,1.0
morton-pca2-b30,test,3,16,0,0.798,0.0169,0.26304,0.2705,0.31794,0.32963,4.47,1.0
morton-pca2-b30,validation,3,32,0,0.9385,0.0082,0.49286,0.48962,0.565,0.58575,6.32,1.0
morton-pca2-b30,test,3,32,0,0.948,0.0073,0.49861,0.48975,0.56525,0.58575,6.33,1.0
morton-pca2-b30,validation,3,64,0,1.0,0.0,1.0,1.0,1.0,1.0,1.0,1.0
morton-pca2-b30,test,3,64,0,1.0,0.0,1.0,1.0,1.0,1.0,1.0,1.0
morton-pca2-b30,validation,3,40,1,0.0395,0.0053,0.005,0.005,0.005,0.005,1.0,1.0
morton-pca2-b30,test,3,40,1,0.038,0.0051,0.005,0.005,0.005,0.005,1.0,1.0
morton-pca2-b30,validation,3,80,1,0.08,0.0079,0.01,0.01,0.01,0.01,1.07,1.0
morton-pca2-b30,test,3,80,1,0.0785,0.0077,0.01,0.01,0.01,0.01,1.07,1.0
morton-pca2-b30,validation,3,160,1,0.149,0.0108,0.02,0.02,0.02,0.02,1.34,1.0
morton-pca2-b30,test,3,160,1,0.149,0.0116,0.02,0.02,0.02,0.02,1.34,1.0
morton-pca2-b30,validation,3,400,1,0.3125,0.0167,0.05,0.05,0.05,0.05,2.31,1.0
morton-pca2-b30,test,3,400,1,0.3235,0.0166,0.05,0.05,0.05,0.05,2.19,1.0
morton-pca2-b30,validation,4,1,0,0.0545,0.007,0.00571,0.00519,0.01225,0.01688,1.0,1.0
morton-pca2-b30,test,4,1,0,0.0555,0.0063,0.00538,0.005,0.01112,0.01688,1.0,1.0
morton-pca2-b30,validation,4,2,0,0.101,0.0103,0.0113,0.01031,0.025,0.029,1.7,1.0
morton-pca2-b30,test,4,2,0,0.1045,0.0096,0.01103,0.01013,0.025,0.029,1.69,1.0
morton-pca2-b30,validation,4,4,0,0.174,0.0137,0.02191,0.02137,0.03988,0.05038,2.4,1.0
morton-pca2-b30,test,4,4,0,0.186,0.013,0.02136,0.02088,0.03952,0.05038,2.33,1.0
morton-pca2-b30,validation,4,8,0,0.297,0.0176,0.04199,0.04287,0.07525,0.0805,3.75,1.0
morton-pca2-b30,test,4,8,0,0.2985,0.0174,0.04092,0.0405,0.07162,0.08163,3.79,1.0
morton-pca2-b30,validation,4,16,0,0.4455,0.0203,0.0789,0.08381,0.126,0.12675,5.77,1.0
morton-pca2-b30,test,4,16,0,0.4435,0.0211,0.0771,0.07719,0.1239,0.12675,5.5,1.0
morton-pca2-b30,validation,4,32,0,0.6235,0.0202,0.14435,0.15506,0.18738,0.19287,7.72,1.0
morton-pca2-b30,test,4,32,0,0.6385,0.0201,0.1423,0.14794,0.18588,0.19475,7.54,1.0
morton-pca2-b30,validation,4,64,0,0.802,0.0169,0.26467,0.27125,0.32212,0.32837,9.5,1.0
morton-pca2-b30,test,4,64,0,0.804,0.0165,0.26389,0.2705,0.3209,0.32738,9.52,1.0
morton-pca2-b30,validation,4,40,1,0.0395,0.0055,0.005,0.005,0.005,0.005,1.35,1.0
morton-pca2-b30,test,4,40,1,0.053,0.0062,0.005,0.005,0.005,0.005,1.45,1.0
morton-pca2-b30,validation,4,80,1,0.083,0.0079,0.01,0.01,0.01,0.01,2.0,1.0
morton-pca2-b30,test,4,80,1,0.0995,0.0091,0.01,0.01,0.01,0.01,2.04,1.0
morton-pca2-b30,validation,4,160,1,0.1575,0.0115,0.02,0.02,0.02,0.02,2.85,1.0
morton-pca2-b30,test,4,160,1,0.165,0.012,0.02,0.02,0.02,0.02,2.79,1.0
morton-pca2-b30,validation,4,400,1,0.332,0.0168,0.05,0.05,0.05,0.05,4.71,1.0
morton-pca2-b30,test,4,400,1,0.338,0.0177,0.05,0.05,0.05,0.05,4.71,1.0
morton-pca2-b30,validation,5,1,0,0.0145,0.0033,0.00145,0.00125,0.00301,0.0055,1.0,1.0
morton-pca2-b30,test,5,1,0,0.021,0.0037,0.00139,0.00125,0.003,0.0055,1.0,1.0
morton-pca2-b30,validation,5,2,0,0.032,0.006,0.00291,0.00263,0.006,0.01025,1.77,1.0
morton-pca2-b30,test,5,2,0,0.039,0.0054,0.00283,0.00263,0.00601,0.00813,1.77,1.0
morton-pca2-b30,validation,5,4,0,0.0505,0.0071,0.00572,0.00525,0.01177,0.01688,2.65,1.0
morton-pca2-b30,test,5,4,0,0.0635,0.0072,0.00559,0.00494,0.01201,0.01688,2.69,1.0
morton-pca2-b30,validation,5,8,0,0.103,0.0101,0.01133,0.01087,0.02451,0.02962,4.08,1.0
morton-pca2-b30,test,5,8,0,0.1105,0.0093,0.01096,0.00994,0.02294,0.02962,3.96,1.0
morton-pca2-b30,validation,5,16,0,0.176,0.0138,0.02207,0.02137,0.04208,0.05038,5.68,1.0
morton-pca2-b30,test,5,16,0,0.1905,0.0132,0.02167,0.02075,0.04303,0.05038,5.55,1.0
morton-pca2-b30,validation,5,32,0,0.298,0.0178,0.04203,0.04331,0.07179,0.081,8.67,1.0
morton-pca2-b30,test,5,32,0,0.2955,0.0177,0.04111,0.04,0.07169,0.08125,8.54,1.0
morton-pca2-b30,validation,5,64,0,0.449,0.0198,0.07883,0.084,0.12488,0.12687,12.12,1.0
morton-pca2-b30,test,5,64,0,0.447,0.0205,0.07709,0.07575,0.12295,0.12687,11.78,1.0
morton-pca2-b30,validation,5,40,1,0.0465,0.0061,0.005,0.005,0.005,0.005,2.96,1.0
morton-pca2-b30,test,5,40,1,0.0595,0.007,0.005,0.005,0.005,0.005,3.08,1.0
morton-pca2-b30,validation,5,80,1,0.0875,0.0084,0.01,0.01,0.01,0.01,4.38,1.0
morton-pca2-b30,test,5,80,1,0.1,0.0094,0.01,0.01,0.01,0.01,4.38,1.0
morton-pca2-b30,validation,5,160,1,0.1575,0.0105,0.02,0.02,0.02,0.02,6.48,1.0
morton-pca2-b30,test,5,160,1,0.1725,0.012,0.02,0.02,0.02,0.02,6.37,1.0
morton-pca2-b30,validation,5,400,1,0.3325,0.017,0.05,0.05,0.05,0.05,10.6,1.0
morton-pca2-b30,test,5,400,1,0.3365,0.0181,0.05,0.05,0.05,0.05,10.56,1.0
morton-pca2-b30,validation,6,1,0,0.0045,0.0015,0.00035,0.00025,0.00088,0.002,1.0,1.0
morton-pca2-b30,test,6,1,0,0.007,0.0018,0.00037,0.00025,0.00088,0.0015,1.0,1.0
morton-pca2-b30,validation,6,2,0,0.009,0.0027,0.00073,0.00063,0.00151,0.003,1.74,1.0
morton-pca2-b30,test,6,2,0,0.0105,0.0023,0.00071,0.00063,0.00151,0.00287,1.75,1.0
morton-pca2-b30,validation,6,4,0,0.019,0.0039,0.00145,0.00125,0.00313,0.00525,2.69,1.0
morton-pca2-b30,test,6,4,0,0.023,0.0039,0.00141,0.00125,0.00276,0.0055,2.78,1.0
morton-pca2-b30,validation,6,8,0,0.0335,0.0058,0.00288,0.00263,0.00601,0.01013,4.18,1.0
morton-pca2-b30,test,6,8,0,0.0365,0.0054,0.00279,0.0025,0.00575,0.0095,4.16,1.0
morton-pca2-b30,validation,6,16,0,0.054,0.0073,0.00576,0.00525,0.01175,0.01625,6.12,1.0
morton-pca2-b30,test,6,16,0,0.0695,0.0074,0.00557,0.005,0.01139,0.01562,6.07,1.0
morton-pca2-b30,validation,6,32,0,0.1025,0.01,0.01131,0.01069,0.02401,0.0295,8.9,1.0
morton-pca2-b30,test,6,32,0,0.1155,0.0101,0.011,0.01006,0.02304,0.02925,8.79,1.0
morton-pca2-b30,validation,6,64,0,0.1755,0.0136,0.02205,0.02138,0.04254,0.05137,12.66,1.0
morton-pca2-b30,test,6,64,0,0.192,0.0133,0.02157,0.02063,0.04277,0.05038,12.6,1.0
morton-pca2-b30,validation,6,40,1,0.0445,0.0061,0.005,0.005,0.005,0.005,7.32,1.0
morton-pca2-b30,test,6,40,1,0.0625,0.0071,0.005,0.005,0.005,0.005,7.23,1.0
morton-pca2-b30,validation,6,80,1,0.088,0.0083,0.01,0.01,0.01,0.01,12.05,1.0
morton-pca2-b30,test,6,80,1,0.1045,0.0094,0.01,0.01,0.01,0.01,11.57,1.0
morton-pca2-b30,validation,6,160,1,0.1595,0.0108,0.02,0.02,0.02,0.02,19.34,1.0
morton-pca2-b30,test,6,160,1,0.17,0.0117,0.02,0.02,0.02,0.02,18.59,1.0
morton-pca2-b30,validation,6,400,1,0.3345,0.0172,0.05,0.05,0.05,0.05,38.3,1.0
morton-pca2-b30,test,6,400,1,0.3335,0.0181,0.05,0.05,0.05,0.05,37.28,1.0
morton-pca2-b30,validation,7,1,0,0.0025,0.0011,9e-05,0.0,0.00025,0.00075,1.0,1.0
morton-pca2-b30,test,7,1,0,0.003,0.0012,0.0001,0.00013,0.00038,0.0005,1.0,1.0
morton-pca2-b30,validation,7,2,0,0.003,0.0012,0.00018,0.00013,0.00063,0.00112,1.76,1.0
morton-pca2-b30,test,7,2,0,0.004,0.0014,0.00018,0.00013,0.0005,0.00075,1.68,1.0
morton-pca2-b30,validation,7,4,0,0.006,0.002,0.00034,0.00025,0.00088,0.00175,2.67,1.0
morton-pca2-b30,test,7,4,0,0.0065,0.0017,0.00036,0.00025,0.00088,0.00112,2.59,1.0
morton-pca2-b30,validation,7,8,0,0.011,0.0026,0.00073,0.00063,0.00162,0.003,4.17,1.0
morton-pca2-b30,test,7,8,0,0.011,0.0022,0.00073,0.00063,0.00162,0.00287,4.1,1.0
morton-pca2-b30,validation,7,16,0,0.0165,0.0035,0.00146,0.00125,0.003,0.00525,6.3,1.0
morton-pca2-b30,test,7,16,0,0.02,0.0038,0.00145,0.00137,0.00287,0.00525,6.47,1.0
morton-pca2-b30,validation,7,32,0,0.0325,0.0054,0.00286,0.00263,0.00601,0.01,9.24,1.0
morton-pca2-b30,test,7,32,0,0.038,0.0053,0.0028,0.0025,0.00614,0.00962,9.15,1.0
morton-pca2-b30,validation,7,64,0,0.055,0.0072,0.00575,0.00525,0.01176,0.01663,13.45,1.0
morton-pca2-b30,test,7,64,0,0.0675,0.0072,0.00554,0.005,0.0114,0.01625,13.21,1.0
morton-pca2-b30,validation,7,40,1,0.045,0.0061,0.005,0.005,0.005,0.005,18.7,1.0
morton-pca2-b30,test,7,40,1,0.063,0.0069,0.005,0.005,0.005,0.005,19.31,1.0
morton-pca2-b30,validation,7,80,1,0.0845,0.0082,0.01,0.01,0.01,0.01,35.23,1.0
morton-pca2-b30,test,7,80,1,0.105,0.0096,0.01,0.01,0.01,0.01,36.27,1.0
morton-pca2-b30,validation,7,160,1,0.16,0.0108,0.02,0.02,0.02,0.02,68.18,1.0
morton-pca2-b30,test,7,160,1,0.171,0.0117,0.02,0.02,0.02,0.02,68.53,1.0
morton-pca2-b30,validation,7,400,1,0.3345,0.0173,0.05,0.05,0.05,0.05,163.63,1.0
morton-pca2-b30,test,7,400,1,0.337,0.0176,0.05,0.05,0.05,0.05,163.12,1.0
morton-pca2-b30,validation,8,1,0,0.0005,0.0005,2e-05,0.0,0.00013,0.00025,1.0,1.0
morton-pca2-b30,test,8,1,0,0.002,0.001,2e-05,0.0,0.00013,0.00025,1.0,1.0
morton-pca2-b30,validation,8,2,0,0.0005,0.0005,4e-05,0.0,0.00025,0.00038,1.74,1.0
morton-pca2-b30,test,8,2,0,0.002,0.001,5e-05,0.0,0.00025,0.00038,1.8,1.0
morton-pca2-b30,validation,8,4,0,0.0005,0.0005,9e-05,0.0,0.00025,0.00063,2.65,1.0
morton-pca2-b30,test,8,4,0,0.0025,0.0011,9e-05,0.0,0.00038,0.0005,2.72,1.0
morton-pca2-b30,validation,8,8,0,0.0035,0.0013,0.00018,0.00013,0.0005,0.00112,4.09,1.0
morton-pca2-b30,test,8,8,0,0.005,0.0015,0.00019,0.00013,0.0005,0.00075,4.14,1.0
morton-pca2-b30,validation,8,16,0,0.0055,0.0016,0.00035,0.00025,0.00088,0.00175,6.4,1.0
morton-pca2-b30,test,8,16,0,0.006,0.0017,0.00037,0.00038,0.00088,0.00137,6.02,1.0
morton-pca2-b30,validation,8,32,0,0.0105,0.0026,0.00072,0.00063,0.00162,0.00313,9.21,1.0
morton-pca2-b30,test,8,32,0,0.0105,0.0022,0.00072,0.00063,0.00151,0.00325,9.31,1.0
morton-pca2-b30,validation,8,64,0,0.017,0.0034,0.00145,0.00125,0.00313,0.005,13.74,1.0
morton-pca2-b30,test,8,64,0,0.019,0.0036,0.00142,0.00125,0.00287,0.005,13.6,1.0
morton-pca2-b30,validation,8,40,1,0.0475,0.0061,0.005,0.005,0.005,0.005,31.84,1.0
morton-pca2-b30,test,8,40,1,0.0645,0.0071,0.005,0.005,0.005,0.005,32.04,1.0
morton-pca2-b30,validation,8,80,1,0.0815,0.008,0.01,0.01,0.01,0.01,62.51,1.0
morton-pca2-b30,test,8,80,1,0.1015,0.0093,0.01,0.01,0.01,0.01,62.88,1.0
morton-pca2-b30,validation,8,160,1,0.1585,0.0108,0.02,0.02,0.02,0.02,123.9,1.0
morton-pca2-b30,test,8,160,1,0.17,0.0116,0.02,0.02,0.02,0.02,124.61,1.0
morton-pca2-b30,validation,8,400,1,0.327,0.0171,0.04784,0.05,0.05,0.05,292.73,0.785
morton-pca2-b30,test,8,400,1,0.3255,0.0171,0.04812,0.05,0.05,0.05,295.38,0.8
morton-pca2-b30,validation,10,1,0,0.0005,0.0005,0.0,0.0,0.0,0.00025,1.0,1.0
morton-pca2-b30,test,10,1,0,0.0015,0.0009,0.0,0.0,0.0,0.00013,1.0,1.0
morton-pca2-b30,validation,10,2,0,0.0005,0.0005,0.0,0.0,0.0,0.00025,1.7,1.0
morton-pca2-b30,test,10,2,0,0.0015,0.0009,0.0,0.0,0.0,0.00013,1.7,1.0
morton-pca2-b30,validation,10,4,0,0.0005,0.0005,1e-05,0.0,0.0,0.00025,2.69,1.0
morton-pca2-b30,test,10,4,0,0.0015,0.0009,0.0,0.0,0.0,0.00013,2.69,1.0
morton-pca2-b30,validation,10,8,0,0.0005,0.0005,1e-05,0.0,0.00013,0.00025,4.11,1.0
morton-pca2-b30,test,10,8,0,0.002,0.001,1e-05,0.0,0.00013,0.00013,4.13,1.0
morton-pca2-b30,validation,10,16,0,0.0005,0.0005,2e-05,0.0,0.00013,0.00025,6.46,1.0
morton-pca2-b30,test,10,16,0,0.002,0.001,2e-05,0.0,0.00013,0.00025,6.37,1.0
morton-pca2-b30,validation,10,32,0,0.0005,0.0005,5e-05,0.0,0.00025,0.00063,9.18,1.0
morton-pca2-b30,test,10,32,0,0.002,0.001,5e-05,0.0,0.00025,0.00038,9.27,1.0
morton-pca2-b30,validation,10,64,0,0.001,0.0007,9e-05,0.0,0.00026,0.00063,13.78,1.0
morton-pca2-b30,test,10,64,0,0.003,0.0012,0.0001,0.00013,0.00038,0.0005,13.68,1.0
morton-pca2-b30,validation,10,40,1,0.0405,0.0056,0.00422,0.005,0.005,0.005,33.13,0.57
morton-pca2-b30,test,10,40,1,0.0535,0.0061,0.00421,0.00487,0.005,0.005,33.15,0.495
morton-pca2-b30,validation,10,80,1,0.051,0.0066,0.00552,0.00525,0.01,0.01,43.19,0.09
morton-pca2-b30,test,10,80,1,0.0655,0.0067,0.00532,0.00487,0.01,0.01,41.77,0.09
morton-pca2-b30,validation,10,160,1,0.055,0.0071,0.00576,0.00525,0.01176,0.01675,45.07,0.0
morton-pca2-b30,test,10,160,1,0.0665,0.0068,0.00554,0.00487,0.01116,0.01588,43.47,0.0
morton-pca2-b30,validation,10,400,1,0.055,0.0071,0.00576,0.00525,0.01176,0.01675,45.07,0.0
morton-pca2-b30,test,10,400,1,0.0665,0.0068,0.00554,0.00487,0.01116,0.01588,43.47,0.0
hilbert-pca3-b20,validation,2,1,0,0.2335,0.0151,0.02366,0.02212,0.04637,0.04813,1.0,1.0
hilbert-pca3-b20,test,2,1,0,0.211,0.0143,0.0234,0.02244,0.04637,0.04813,1.0,1.0
hilbert-pca3-b20,validation,2,2,0,0.372,0.0192,0.04549,0.04719,0.07825,0.07825,1.61,1.0
hilbert-pca3-b20,test,2,2,0,0.37,0.0191,0.04473,0.04562,0.07825,0.07825,1.59,1.0
hilbert-pca3-b20,validation,2,4,0,0.5445,0.0208,0.0824,0.0895,0.11825,0.13225,2.36,1.0
hilbert-pca3-b20,test,2,4,0,0.5515,0.0202,0.08043,0.08163,0.11333,0.13225,2.38,1.0
hilbert-pca3-b20,validation,2,8,0,0.697,0.0193,0.1433,0.14062,0.20075,0.20663,3.19,1.0
hilbert-pca3-b20,test,2,8,0,0.7165,0.0179,0.14199,0.14037,0.19014,0.205,3.21,1.0
hilbert-pca3-b20,validation,2,16,0,0.8485,0.0154,0.26095,0.25638,0.32007,0.34637,4.66,1.0
hilbert-pca3-b20,test,2,16,0,0.877,0.0119,0.26292,0.26281,0.32662,0.34637,4.66,1.0
hilbert-pca3-b20,validation,2,32,0,0.9595,0.0068,0.48468,0.48488,0.55814,0.58288,6.99,1.0
hilbert-pca3-b20,test,2,32,0,0.972,0.0052,0.4889,0.48612,0.5633,0.5865,6.78,1.0
hilbert-pca3-b20,validation,2,64,0,1.0,0.0,1.0,1.0,1.0,1.0,1.0,1.0
hilbert-pca3-b20,test,2,64,0,1.0,0.0,1.0,1.0,1.0,1.0,1.0,1.0
hilbert-pca3-b20,validation,2,40,1,0.052,0.006,0.005,0.005,0.005,0.005,1.01,1.0
hilbert-pca3-b20,test,2,40,1,0.047,0.006,0.005,0.005,0.005,0.005,1.02,1.0
hilbert-pca3-b20,validation,2,80,1,0.102,0.0086,0.01,0.01,0.01,0.01,1.08,1.0
hilbert-pca3-b20,test,2,80,1,0.0985,0.0099,0.01,0.01,0.01,0.01,1.09,1.0
hilbert-pca3-b20,validation,2,160,1,0.197,0.0133,0.02,0.02,0.02,0.02,1.27,1.0
hilbert-pca3-b20,test,2,160,1,0.1815,0.0123,0.02,0.02,0.02,0.02,1.31,1.0
hilbert-pca3-b20,validation,2,400,1,0.39,0.0171,0.05,0.05,0.05,0.05,2.02,1.0
hilbert-pca3-b20,test,2,400,1,0.3845,0.0173,0.05,0.05,0.05,0.05,2.09,1.0
hilbert-pca3-b20,validation,4,1,0,0.0115,0.0029,0.00057,0.0005,0.00151,0.0035,1.0,1.0
hilbert-pca3-b20,test,4,1,0,0.0165,0.0039,0.00058,0.00038,0.00163,0.00287,1.0,1.0
hilbert-pca3-b20,validation,4,2,0,0.0265,0.0046,0.0011,0.00088,0.00263,0.00637,1.63,1.0
hilbert-pca3-b20,test,4,2,0,0.028,0.005,0.00117,0.00088,0.00313,0.00637,1.64,1.0
hilbert-pca3-b20,validation,4,4,0,0.0455,0.0059,0.00222,0.00187,0.00465,0.01038,2.78,1.0
hilbert-pca3-b20,test,4,4,0,0.0465,0.0064,0.00221,0.00187,0.00576,0.00875,2.75,1.0
hilbert-pca3-b20,validation,4,8,0,0.0765,0.0083,0.00422,0.00363,0.00952,0.01487,4.17,1.0
hilbert-pca3-b20,test,4,8,0,0.082,0.0086,0.00423,0.0035,0.00989,0.01388,3.89,1.0
hilbert-pca3-b20,validation,4,16,0,0.125,0.0113,0.00783,0.00731,0.01663,0.021,6.33,1.0
hilbert-pca3-b20,test,4,16,0,0.1305,0.011,0.00789,0.007,0.01715,0.02125,6.45,1.0
hilbert-pca3-b20,validation,4,32,0,0.205,0.0152,0.0148,0.01388,0.02875,0.0335,10.71,1.0
hilbert-pca3-b20,test,4,32,0,0.2085,0.0146,0.01448,0.013,0.02875,0.0365,10.93,1.0
hilbert-pca3-b20,validation,4,64,0,0.301,0.017,0.02668,0.0265,0.04675,0.05362,16.58,1.0
hilbert-pca3-b20,test,4,64,0,0.2995,0.0177,0.02624,0.0245,0.04838,0.05563,16.61,1.0
hilbert-pca3-b20,validation,4,40,1,0.0805,0.0069,0.005,0.005,0.005,0.005,6.7,1.0
hilbert-pca3-b20,test,4,40,1,0.091,0.0082,0.005,0.005,0.005,0.005,6.33,1.0
hilbert-pca3-b20,validation,4,80,1,0.1485,0.0106,0.01,0.01,0.01,0.01,11.0,1.0
hilbert-pca3-b20,test,4,80,1,0.1515,0.0108,0.01,0.01,0.01,0.01,10.76,1.0
hilbert-pca3-b20,validation,4,160,1,0.249,0.0146,0.02,0.02,0.02,0.02,18.46,1.0
hilbert-pca3-b20,test,4,160,1,0.246,0.0139,0.02,0.02,0.02,0.02,18.17,1.0
hilbert-pca3-b20,validation,4,400,1,0.4515,0.0184,0.05,0.05,0.05,0.05,36.98,1.0
hilbert-pca3-b20,test,4,400,1,0.4525,0.0187,0.05,0.05,0.05,0.05,36.63,1.0
morton-pca3-b20,validation,2,1,0,0.2335,0.0151,0.02366,0.02212,0.04637,0.04813,1.0,1.0
morton-pca3-b20,test,2,1,0,0.211,0.0143,0.0234,0.02244,0.04637,0.04813,1.0,1.0
morton-pca3-b20,validation,2,2,0,0.372,0.0192,0.04549,0.04719,0.07825,0.07825,1.77,1.0
morton-pca3-b20,test,2,2,0,0.37,0.0191,0.04473,0.04562,0.07825,0.07825,1.75,1.0
morton-pca3-b20,validation,2,4,0,0.5445,0.0208,0.0824,0.0895,0.11825,0.13225,2.98,1.0
morton-pca3-b20,test,2,4,0,0.5515,0.0202,0.08043,0.08163,0.11333,0.13225,2.95,1.0
morton-pca3-b20,validation,2,8,0,0.697,0.0193,0.1433,0.14062,0.20075,0.20663,3.7,1.0
morton-pca3-b20,test,2,8,0,0.7165,0.0179,0.14199,0.14037,0.19014,0.205,3.96,1.0
morton-pca3-b20,validation,2,16,0,0.8485,0.0154,0.26095,0.25638,0.32007,0.34637,6.19,1.0
morton-pca3-b20,test,2,16,0,0.877,0.0119,0.26292,0.26281,0.32662,0.34637,6.01,1.0
morton-pca3-b20,validation,2,32,0,0.9595,0.0068,0.48468,0.48488,0.55814,0.58288,10.46,1.0
morton-pca3-b20,test,2,32,0,0.972,0.0052,0.4889,0.48612,0.5633,0.5865,9.99,1.0
morton-pca3-b20,validation,2,64,0,1.0,0.0,1.0,1.0,1.0,1.0,1.0,1.0
morton-pca3-b20,test,2,64,0,1.0,0.0,1.0,1.0,1.0,1.0,1.0,1.0
morton-pca3-b20,validation,2,40,1,0.059,0.006,0.005,0.005,0.005,0.005,1.04,1.0
morton-pca3-b20,test,2,40,1,0.0555,0.0068,0.005,0.005,0.005,0.005,1.01,1.0
morton-pca3-b20,validation,2,80,1,0.118,0.0095,0.01,0.01,0.01,0.01,1.15,1.0
morton-pca3-b20,test,2,80,1,0.107,0.0089,0.01,0.01,0.01,0.01,1.13,1.0
morton-pca3-b20,validation,2,160,1,0.2055,0.0132,0.02,0.02,0.02,0.02,1.41,1.0
morton-pca3-b20,test,2,160,1,0.1875,0.0128,0.02,0.02,0.02,0.02,1.44,1.0
morton-pca3-b20,validation,2,400,1,0.391,0.0171,0.05,0.05,0.05,0.05,2.4,1.0
morton-pca3-b20,test,2,400,1,0.3765,0.0172,0.05,0.05,0.05,0.05,2.38,1.0
morton-pca3-b20,validation,4,1,0,0.0115,0.0029,0.00057,0.0005,0.00151,0.0035,1.0,1.0
morton-pca3-b20,test,4,1,0,0.0165,0.0039,0.00058,0.00038,0.00163,0.00287,1.0,1.0
morton-pca3-b20,validation,4,2,0,0.0265,0.0046,0.0011,0.00088,0.00263,0.00637,1.81,1.0
morton-pca3-b20,test,4,2,0,0.028,0.005,0.00117,0.00088,0.00313,0.00637,1.81,1.0
morton-pca3-b20,validation,4,4,0,0.0455,0.0059,0.00222,0.00187,0.00465,0.01038,3.21,1.0
morton-pca3-b20,test,4,4,0,0.0465,0.0064,0.00221,0.00187,0.00576,0.00875,3.17,1.0
morton-pca3-b20,validation,4,8,0,0.0765,0.0083,0.00422,0.00363,0.00952,0.01487,5.21,1.0
morton-pca3-b20,test,4,8,0,0.082,0.0086,0.00423,0.0035,0.00989,0.01388,5.14,1.0
morton-pca3-b20,validation,4,16,0,0.125,0.0113,0.00783,0.00731,0.01663,0.021,8.3,1.0
morton-pca3-b20,test,4,16,0,0.1305,0.011,0.00789,0.007,0.01715,0.02125,8.64,1.0
morton-pca3-b20,validation,4,32,0,0.205,0.0152,0.0148,0.01388,0.02875,0.0335,14.44,1.0
morton-pca3-b20,test,4,32,0,0.2085,0.0146,0.01448,0.013,0.02875,0.0365,14.69,1.0
morton-pca3-b20,validation,4,64,0,0.301,0.017,0.02668,0.0265,0.04675,0.05362,22.96,1.0
morton-pca3-b20,test,4,64,0,0.2995,0.0177,0.02624,0.0245,0.04838,0.05563,22.98,1.0
morton-pca3-b20,validation,4,40,1,0.0815,0.0069,0.005,0.005,0.005,0.005,8.03,1.0
morton-pca3-b20,test,4,40,1,0.089,0.008,0.005,0.005,0.005,0.005,7.8,1.0
morton-pca3-b20,validation,4,80,1,0.149,0.0105,0.01,0.01,0.01,0.01,13.38,1.0
morton-pca3-b20,test,4,80,1,0.1525,0.0107,0.01,0.01,0.01,0.01,13.21,1.0
morton-pca3-b20,validation,4,160,1,0.2505,0.0148,0.02,0.02,0.02,0.02,22.5,1.0
morton-pca3-b20,test,4,160,1,0.249,0.0139,0.02,0.02,0.02,0.02,22.48,1.0
morton-pca3-b20,validation,4,400,1,0.4515,0.0183,0.05,0.05,0.05,0.05,45.7,1.0
morton-pca3-b20,test,4,400,1,0.4525,0.0186,0.05,0.05,0.05,0.05,45.27,1.0
hilbert-pca4-b15,validation,1,1,0,0.449,0.0197,0.06674,0.06588,0.091,0.091,1.0,1.0
hilbert-pca4-b15,test,1,1,0,0.457,0.02,0.06713,0.06588,0.091,0.091,1.0,1.0
hilbert-pca4-b15,validation,1,2,0,0.6615,0.0201,0.12918,0.13287,0.16875,0.16875,1.42,1.0
hilbert-pca4-b15,test,1,2,0,0.6835,0.0198,0.13065,0.13287,0.16875,0.16875,1.47,1.0
hilbert-pca4-b15,validation,1,4,0,0.8255,0.0147,0.24961,0.24713,0.28188,0.29925,2.25,1.0
hilbert-pca4-b15,test,1,4,0,0.867,0.0138,0.24994,0.25294,0.27337,0.289,2.27,1.0
hilbert-pca4-b15,validation,1,8,0,0.9485,0.0071,0.49508,0.49325,0.52971,0.54763,3.1,1.0
hilbert-pca4-b15,test,1,8,0,0.965,0.0062,0.49472,0.49662,0.52938,0.54763,3.21,1.0
hilbert-pca4-b15,validation,1,16,0,1.0,0.0,1.0,1.0,1.0,1.0,1.0,1.0
hilbert-pca4-b15,test,1,16,0,1.0,0.0,1.0,1.0,1.0,1.0,1.0,1.0
hilbert-pca4-b15,validation,1,32,0,1.0,0.0,1.0,1.0,1.0,1.0,1.0,1.0
hilbert-pca4-b15,test,1,32,0,1.0,0.0,1.0,1.0,1.0,1.0,1.0,1.0
hilbert-pca4-b15,validation,1,64,0,1.0,0.0,1.0,1.0,1.0,1.0,1.0,1.0
hilbert-pca4-b15,test,1,64,0,1.0,0.0,1.0,1.0,1.0,1.0,1.0,1.0
hilbert-pca4-b15,validation,1,40,1,0.036,0.0051,0.005,0.005,0.005,0.005,1.0,1.0
hilbert-pca4-b15,test,1,40,1,0.0325,0.0049,0.005,0.005,0.005,0.005,1.0,1.0
hilbert-pca4-b15,validation,1,80,1,0.0655,0.0066,0.01,0.01,0.01,0.01,1.0,1.0
hilbert-pca4-b15,test,1,80,1,0.061,0.0067,0.01,0.01,0.01,0.01,1.0,1.0
hilbert-pca4-b15,validation,1,160,1,0.1605,0.012,0.02,0.02,0.02,0.02,1.0,1.0
hilbert-pca4-b15,test,1,160,1,0.1415,0.0114,0.02,0.02,0.02,0.02,1.0,1.0
hilbert-pca4-b15,validation,1,400,1,0.358,0.018,0.05,0.05,0.05,0.05,1.07,1.0
hilbert-pca4-b15,test,1,400,1,0.3235,0.0169,0.05,0.05,0.05,0.05,1.08,1.0
hilbert-pca4-b15,validation,2,1,0,0.126,0.0108,0.00678,0.00562,0.01556,0.01925,1.0,1.0
hilbert-pca4-b15,test,2,1,0,0.1235,0.0098,0.00729,0.006,0.01663,0.01925,1.0,1.0
hilbert-pca4-b15,validation,2,2,0,0.2275,0.0164,0.01339,0.0115,0.02518,0.036,1.56,1.0
hilbert-pca4-b15,test,2,2,0,0.2155,0.0145,0.01416,0.01238,0.03213,0.036,1.62,1.0
hilbert-pca4-b15,validation,2,4,0,0.3325,0.0186,0.02473,0.02406,0.04612,0.05688,2.65,1.0
hilbert-pca4-b15,test,2,4,0,0.3395,0.0187,0.02584,0.02444,0.04681,0.05437,2.77,1.0
hilbert-pca4-b15,validation,2,8,0,0.469,0.0207,0.04454,0.0445,0.06953,0.0825,4.44,1.0
hilbert-pca4-b15,test,2,8,0,0.507,0.0202,0.04647,0.0465,0.07114,0.08363,4.55,1.0
hilbert-pca4-b15,validation,2,16,0,0.6005,0.0195,0.07722,0.07737,0.10859,0.12587,6.5,1.0
hilbert-pca4-b15,test,2,16,0,0.6395,0.0187,0.07891,0.07725,0.11236,0.13137,6.54,1.0
hilbert-pca4-b15,validation,2,32,0,0.739,0.0179,0.13872,0.13625,0.17851,0.19975,9.46,1.0
hilbert-pca4-b15,test,2,32,0,0.784,0.0169,0.14127,0.1405,0.1794,0.19887,9.42,1.0
hilbert-pca4-b15,validation,2,64,0,0.88,0.0125,0.25318,0.25006,0.30513,0.3275,17.0,1.0
hilbert-pca4-b15,test,2,64,0,0.921,0.0099,0.25364,0.25387,0.30291,0.32475,16.41,1.0
hilbert-pca4-b15,validation,2,40,1,0.0905,0.008,0.005,0.005,0.005,0.005,1.35,1.0
hilbert-pca4-b15,test,2,40,1,0.0755,0.0072,0.005,0.005,0.005,0.005,1.33,1.0
hilbert-pca4-b15,validation,2,80,1,0.167,0.012,0.01,0.01,0.01,0.01,1.84,1.0
hilbert-pca4-b15,test,2,80,1,0.1535,0.011,0.01,0.01,0.01,0.01,1.86,1.0
hilbert-pca4-b15,validation,2,160,1,0.285,0.0156,0.02,0.02,0.02,0.02,2.79,1.0
hilbert-pca4-b15,test,2,160,1,0.2735,0.0149,0.02,0.02,0.02,0.02,2.83,1.0
hilbert-pca4-b15,validation,2,400,1,0.4885,0.0193,0.05,0.05,0.05,0.05,5.18,1.0
hilbert-pca4-b15,test,2,400,1,0.52,0.0185,0.05,0.05,0.05,0.05,5.16,1.0
hilbert-pca4-b15,validation,3,1,0,0.024,0.0044,0.00066,0.00038,0.00201,0.003,1.0,1.0
hilbert-pca4-b15,test,3,1,0,0.027,0.004,0.0007,0.0005,0.00213,0.0035,1.0,1.0
hilbert-pca4-b15,validation,3,2,0,0.045,0.0069,0.00132,0.00088,0.00363,0.0065,1.76,1.0
hilbert-pca4-b15,test,3,2,0,0.045,0.0053,0.00148,0.001,0.00389,0.0065,1.75,1.0
hilbert-pca4-b15,validation,3,4,0,0.071,0.0088,0.00244,0.00175,0.00675,0.0115,3.19,1.0
hilbert-pca4-b15,test,3,4,0,0.0775,0.0078,0.00269,0.00194,0.007,0.0115,2.98,1.0
hilbert-pca4-b15,validation,3,8,0,0.107,0.0104,0.00455,0.0035,0.01189,0.017,5.33,1.0
hilbert-pca4-b15,test,3,8,0,0.124,0.0102,0.00497,0.004,0.01152,0.01825,5.06,1.0
hilbert-pca4-b15,validation,3,16,0,0.1645,0.0137,0.00818,0.00688,0.01888,0.0235,8.41,1.0
hilbert-pca4-b15,test,3,16,0,0.191,0.0137,0.00873,0.00775,0.01976,0.02513,8.14,1.0
hilbert-pca4-b15,validation,3,32,0,0.2535,0.0166,0.01459,0.01275,0.03091,0.03837,13.12,1.0
hilbert-pca4-b15,test,3,32,0,0.266,0.0155,0.01519,0.01356,0.031,0.03812,12.23,1.0
hilbert-pca4-b15,validation,3,64,0,0.3715,0.0193,0.02618,0.02513,0.04864,0.05563,21.88,1.0
hilbert-pca4-b15,test,3,64,0,0.4,0.0189,0.02783,0.0265,0.05096,0.05862,20.41,1.0
hilbert-pca4-b15,validation,3,40,1,0.115,0.0093,0.005,0.005,0.005,0.005,7.51,1.0
hilbert-pca4-b15,test,3,40,1,0.1205,0.0089,0.005,0.005,0.005,0.005,6.79,1.0
hilbert-pca4-b15,validation,3,80,1,0.1905,0.0124,0.01,0.01,0.01,0.01,12.57,1.0
hilbert-pca4-b15,test,3,80,1,0.21,0.0127,0.01,0.01,0.01,0.01,11.64,1.0
hilbert-pca4-b15,validation,3,160,1,0.312,0.0171,0.02,0.02,0.02,0.02,21.43,1.0
hilbert-pca4-b15,test,3,160,1,0.3175,0.0157,0.02,0.02,0.02,0.02,19.86,1.0
hilbert-pca4-b15,validation,3,400,1,0.526,0.0192,0.05,0.05,0.05,0.05,46.28,1.0
hilbert-pca4-b15,test,3,400,1,0.5415,0.0189,0.05,0.05,0.05,0.05,42.58,1.0
hilbert-pca4-b15,validation,4,1,0,0.003,0.0014,6e-05,0.0,0.00038,0.00063,1.0,1.0
hilbert-pca4-b15,test,4,1,0,0.006,0.0018,5e-05,0.0,0.00025,0.0005,1.0,1.0
hilbert-pca4-b15,validation,4,2,0,0.007,0.0024,0.00011,0.0,0.0005,0.001,1.74,1.0
hilbert-pca4-b15,test,4,2,0,0.009,0.0023,9e-05,0.0,0.00038,0.00088,1.7,1.0
hilbert-pca4-b15,validation,4,4,0,0.0125,0.003,0.00021,0.00013,0.00076,0.00125,3.06,1.0
hilbert-pca4-b15,test,4,4,0,0.0145,0.0028,0.0002,0.00013,0.00075,0.00137,2.92,1.0
hilbert-pca4-b15,validation,4,8,0,0.0195,0.0039,0.00041,0.00025,0.0015,0.002,5.17,1.0
hilbert-pca4-b15,test,4,8,0,0.019,0.0034,0.0004,0.00025,0.00126,0.00225,5.08,1.0
hilbert-pca4-b15,validation,4,16,0,0.032,0.0052,0.00074,0.0005,0.00251,0.00337,8.73,1.0
hilbert-pca4-b15,test,4,16,0,0.032,0.0046,0.0008,0.00056,0.00237,0.00375,8.63,1.0
hilbert-pca4-b15,validation,4,32,0,0.0485,0.0066,0.00139,0.001,0.00414,0.00688,14.16,1.0
hilbert-pca4-b15,test,4,32,0,0.05,0.0058,0.00146,0.00112,0.00388,0.007,13.94,1.0
hilbert-pca4-b15,validation,4,64,0,0.0755,0.0094,0.00258,0.00194,0.00763,0.01188,23.63,1.0
hilbert-pca4-b15,test,4,64,0,0.0895,0.0085,0.00279,0.002,0.00737,0.01125,23.12,1.0
hilbert-pca4-b15,validation,4,40,1,0.118,0.0098,0.005,0.005,0.005,0.005,27.45,1.0
hilbert-pca4-b15,test,4,40,1,0.133,0.0096,0.005,0.005,0.005,0.005,26.91,1.0
hilbert-pca4-b15,validation,4,80,1,0.206,0.0135,0.01,0.01,0.01,0.01,53.35,1.0
hilbert-pca4-b15,test,4,80,1,0.222,0.013,0.01,0.01,0.01,0.01,52.01,1.0
hilbert-pca4-b15,validation,4,160,1,0.3245,0.0171,0.02,0.02,0.02,0.02,105.08,1.0
hilbert-pca4-b15,test,4,160,1,0.3395,0.0157,0.01999,0.02,0.02,0.02,102.69,0.995
hilbert-pca4-b15,validation,4,400,1,0.531,0.0191,0.0493,0.05,0.05,0.05,257.89,0.91
hilbert-pca4-b15,test,4,400,1,0.5575,0.0189,0.04935,0.05,0.05,0.05,251.71,0.95
hilbert-pca4-b15,validation,5,1,0,0.0005,0.0005,1e-05,0.0,0.0,0.00013,1.0,1.0
hilbert-pca4-b15,test,5,1,0,0.004,0.0014,1e-05,0.0,0.00013,0.00013,1.0,1.0
hilbert-pca4-b15,validation,5,2,0,0.0005,0.0005,1e-05,0.0,0.00013,0.00025,1.69,1.0
hilbert-pca4-b15,test,5,2,0,0.0045,0.0015,1e-05,0.0,0.00013,0.00013,1.75,1.0
hilbert-pca4-b15,validation,5,4,0,0.001,0.0007,2e-05,0.0,0.00013,0.00025,3.08,1.0
hilbert-pca4-b15,test,5,4,0,0.0055,0.0016,2e-05,0.0,0.00013,0.00025,3.1,1.0
hilbert-pca4-b15,validation,5,8,0,0.0025,0.0013,3e-05,0.0,0.00013,0.0005,5.31,1.0
hilbert-pca4-b15,test,5,8,0,0.006,0.0017,3e-05,0.0,0.00013,0.00025,5.42,1.0
hilbert-pca4-b15,validation,5,16,0,0.004,0.0016,6e-05,0.0,0.00025,0.00075,9.19,1.0
hilbert-pca4-b15,test,5,16,0,0.009,0.0021,5e-05,0.0,0.00025,0.0005,9.31,1.0
hilbert-pca4-b15,validation,5,32,0,0.008,0.0024,0.00011,0.0,0.00038,0.001,15.52,1.0
hilbert-pca4-b15,test,5,32,0,0.0105,0.0024,9e-05,0.0,0.0005,0.001,15.43,1.0
hilbert-pca4-b15,validation,5,64,0,0.013,0.003,0.00022,0.00013,0.00088,0.00137,24.07,1.0
hilbert-pca4-b15,test,5,64,0,0.0155,0.0031,0.00021,0.00013,0.00075,0.00175,24.23,1.0
hilbert-pca4-b15,validation,5,40,1,0.1095,0.0094,0.00439,0.005,0.005,0.005,33.56,0.68
hilbert-pca4-b15,test,5,40,1,0.129,0.0098,0.0045,0.005,0.005,0.005,34.3,0.72
hilbert-pca4-b15,validation,5,80,1,0.1575,0.012,0.00674,0.00694,0.01,0.01,51.23,0.32
hilbert-pca4-b15,test,5,80,1,0.1705,0.012,0.00709,0.00762,0.01,0.01,53.66,0.315
hilbert-pca4-b15,validation,5,160,1,0.1775,0.0136,0.0082,0.00694,0.0185,0.02,61.98,0.04
hilbert-pca4-b15,test,5,160,1,0.1925,0.0134,0.00874,0.00762,0.01963,0.02,65.89,0.04
hilbert-pca4-b15,validation,5,400,1,0.1785,0.0137,0.00838,0.00694,0.0185,0.02763,63.24,0.0
hilbert-pca4-b15,test,5,400,1,0.1935,0.0135,0.00885,0.00762,0.01963,0.02675,66.68,0.0
morton-pca4-b15,validation,1,1,0,0.449,0.0197,0.06674,0.06588,0.091,0.091,1.0,1.0
morton-pca4-b15,test,1,1,0,0.457,0.02,0.06713,0.06588,0.091,0.091,1.0,1.0
morton-pca4-b15,validation,1,2,0,0.6615,0.0201,0.12918,0.13287,0.16875,0.16875,1.7,1.0
morton-pca4-b15,test,1,2,0,0.6835,0.0198,0.13065,0.13287,0.16875,0.16875,1.73,1.0
morton-pca4-b15,validation,1,4,0,0.8255,0.0147,0.24961,0.24713,0.28188,0.29925,2.91,1.0
morton-pca4-b15,test,1,4,0,0.867,0.0138,0.24994,0.25294,0.27337,0.289,2.92,1.0
morton-pca4-b15,validation,1,8,0,0.9485,0.0071,0.49508,0.49325,0.52971,0.54763,3.94,1.0
morton-pca4-b15,test,1,8,0,0.965,0.0062,0.49472,0.49662,0.52938,0.54763,4.06,1.0
morton-pca4-b15,validation,1,16,0,1.0,0.0,1.0,1.0,1.0,1.0,1.0,1.0
morton-pca4-b15,test,1,16,0,1.0,0.0,1.0,1.0,1.0,1.0,1.0,1.0
morton-pca4-b15,validation,1,32,0,1.0,0.0,1.0,1.0,1.0,1.0,1.0,1.0
morton-pca4-b15,test,1,32,0,1.0,0.0,1.0,1.0,1.0,1.0,1.0,1.0
morton-pca4-b15,validation,1,64,0,1.0,0.0,1.0,1.0,1.0,1.0,1.0,1.0
morton-pca4-b15,test,1,64,0,1.0,0.0,1.0,1.0,1.0,1.0,1.0,1.0
morton-pca4-b15,validation,1,40,1,0.043,0.0061,0.005,0.005,0.005,0.005,1.0,1.0
morton-pca4-b15,test,1,40,1,0.037,0.0056,0.005,0.005,0.005,0.005,1.0,1.0
morton-pca4-b15,validation,1,80,1,0.082,0.0087,0.01,0.01,0.01,0.01,1.0,1.0
morton-pca4-b15,test,1,80,1,0.079,0.0087,0.01,0.01,0.01,0.01,1.0,1.0
morton-pca4-b15,validation,1,160,1,0.1605,0.0124,0.02,0.02,0.02,0.02,1.0,1.0
morton-pca4-b15,test,1,160,1,0.1655,0.0126,0.02,0.02,0.02,0.02,1.0,1.0
morton-pca4-b15,validation,1,400,1,0.3555,0.018,0.05,0.05,0.05,0.05,1.12,1.0
morton-pca4-b15,test,1,400,1,0.3485,0.0183,0.05,0.05,0.05,0.05,1.14,1.0
morton-pca4-b15,validation,2,1,0,0.126,0.0108,0.00678,0.00562,0.01556,0.01925,1.0,1.0
morton-pca4-b15,test,2,1,0,0.1235,0.0098,0.00729,0.006,0.01663,0.01925,1.0,1.0
morton-pca4-b15,validation,2,2,0,0.2275,0.0164,0.01339,0.0115,0.02518,0.036,1.84,1.0
morton-pca4-b15,test,2,2,0,0.2155,0.0145,0.01416,0.01238,0.03213,0.036,1.81,1.0
morton-pca4-b15,validation,2,4,0,0.3325,0.0186,0.02473,0.02406,0.04612,0.05688,3.3,1.0
morton-pca4-b15,test,2,4,0,0.3395,0.0187,0.02584,0.02444,0.04681,0.05437,3.38,1.0
morton-pca4-b15,validation,2,8,0,0.469,0.0207,0.04454,0.0445,0.06953,0.0825,5.53,1.0
morton-pca4-b15,test,2,8,0,0.507,0.0202,0.04647,0.0465,0.07114,0.08363,5.8,1.0
morton-pca4-b15,validation,2,16,0,0.6005,0.0195,0.07722,0.07737,0.10859,0.12587,8.1,1.0
morton-pca4-b15,test,2,16,0,0.6395,0.0187,0.07891,0.07725,0.11236,0.13137,8.47,1.0
morton-pca4-b15,validation,2,32,0,0.739,0.0179,0.13872,0.13625,0.17851,0.19975,12.74,1.0
morton-pca4-b15,test,2,32,0,0.784,0.0169,0.14127,0.1405,0.1794,0.19887,12.66,1.0
morton-pca4-b15,validation,2,64,0,0.88,0.0125,0.25318,0.25006,0.30513,0.3275,23.54,1.0
morton-pca4-b15,test,2,64,0,0.921,0.0099,0.25364,0.25387,0.30291,0.32475,22.52,1.0
morton-pca4-b15,validation,2,40,1,0.103,0.0083,0.005,0.005,0.005,0.005,1.49,1.0
morton-pca4-b15,test,2,40,1,0.0855,0.0075,0.005,0.005,0.005,0.005,1.38,1.0
morton-pca4-b15,validation,2,80,1,0.182,0.0119,0.01,0.01,0.01,0.01,2.19,1.0
morton-pca4-b15,test,2,80,1,0.1615,0.0119,0.01,0.01,0.01,0.01,2.06,1.0
morton-pca4-b15,validation,2,160,1,0.289,0.0158,0.02,0.02,0.02,0.02,3.52,1.0
morton-pca4-b15,test,2,160,1,0.2745,0.015,0.02,0.02,0.02,0.02,3.37,1.0
morton-pca4-b15,validation,2,400,1,0.492,0.0193,0.05,0.05,0.05,0.05,6.5,1.0
morton-pca4-b15,test,2,400,1,0.519,0.0184,0.05,0.05,0.05,0.05,6.42,1.0
morton-pca4-b15,validation,3,1,0,0.024,0.0044,0.00066,0.00038,0.00201,0.003,1.0,1.0
morton-pca4-b15,test,3,1,0,0.027,0.004,0.0007,0.0005,0.00213,0.0035,1.0,1.0
morton-pca4-b15,validation,3,2,0,0.045,0.0069,0.00132,0.00088,0.00363,0.0065,1.87,1.0
morton-pca4-b15,test,3,2,0,0.045,0.0053,0.00148,0.001,0.00389,0.0065,1.88,1.0
morton-pca4-b15,validation,3,4,0,0.071,0.0088,0.00244,0.00175,0.00675,0.0115,3.42,1.0
morton-pca4-b15,test,3,4,0,0.0775,0.0078,0.00269,0.00194,0.007,0.0115,3.46,1.0
morton-pca4-b15,validation,3,8,0,0.107,0.0104,0.00455,0.0035,0.01189,0.017,6.27,1.0
morton-pca4-b15,test,3,8,0,0.124,0.0102,0.00497,0.004,0.01152,0.01825,6.45,1.0
morton-pca4-b15,validation,3,16,0,0.1645,0.0137,0.00818,0.00688,0.01888,0.0235,10.58,1.0
morton-pca4-b15,test,3,16,0,0.191,0.0137,0.00873,0.00775,0.01976,0.02513,10.76,1.0
morton-pca4-b15,validation,3,32,0,0.2535,0.0166,0.01459,0.01275,0.03091,0.03837,17.06,1.0
morton-pca4-b15,test,3,32,0,0.266,0.0155,0.01519,0.01356,0.031,0.03812,17.07,1.0
morton-pca4-b15,validation,3,64,0,0.3715,0.0193,0.02618,0.02513,0.04864,0.05563,29.12,1.0
morton-pca4-b15,test,3,64,0,0.4,0.0189,0.02783,0.0265,0.05096,0.05862,28.78,1.0
morton-pca4-b15,validation,3,40,1,0.1145,0.0094,0.005,0.005,0.005,0.005,8.6,1.0
morton-pca4-b15,test,3,40,1,0.123,0.009,0.005,0.005,0.005,0.005,8.27,1.0
morton-pca4-b15,validation,3,80,1,0.191,0.0121,0.01,0.01,0.01,0.01,14.89,1.0
morton-pca4-b15,test,3,80,1,0.208,0.0126,0.01,0.01,0.01,0.01,14.16,1.0
morton-pca4-b15,validation,3,160,1,0.3115,0.0171,0.02,0.02,0.02,0.02,26.11,1.0
morton-pca4-b15,test,3,160,1,0.3185,0.0158,0.02,0.02,0.02,0.02,24.77,1.0
morton-pca4-b15,validation,3,400,1,0.525,0.0191,0.05,0.05,0.05,0.05,56.35,1.0
morton-pca4-b15,test,3,400,1,0.542,0.0189,0.05,0.05,0.05,0.05,52.03,1.0
morton-pca4-b15,validation,4,1,0,0.003,0.0014,6e-05,0.0,0.00038,0.00063,1.0,1.0
morton-pca4-b15,test,4,1,0,0.006,0.0018,5e-05,0.0,0.00025,0.0005,1.0,1.0
morton-pca4-b15,validation,4,2,0,0.007,0.0024,0.00011,0.0,0.0005,0.001,1.86,1.0
morton-pca4-b15,test,4,2,0,0.009,0.0023,9e-05,0.0,0.00038,0.00088,1.85,1.0
morton-pca4-b15,validation,4,4,0,0.0125,0.003,0.00021,0.00013,0.00076,0.00125,3.48,1.0
morton-pca4-b15,test,4,4,0,0.0145,0.0028,0.0002,0.00013,0.00075,0.00137,3.49,1.0
morton-pca4-b15,validation,4,8,0,0.0195,0.0039,0.00041,0.00025,0.0015,0.002,6.2,1.0
morton-pca4-b15,test,4,8,0,0.019,0.0034,0.0004,0.00025,0.00126,0.00225,6.3,1.0
morton-pca4-b15,validation,4,16,0,0.032,0.0052,0.00074,0.0005,0.00251,0.00337,10.76,1.0
morton-pca4-b15,test,4,16,0,0.032,0.0046,0.0008,0.00056,0.00237,0.00375,11.08,1.0
morton-pca4-b15,validation,4,32,0,0.0485,0.0066,0.00139,0.001,0.00414,0.00688,18.23,1.0
morton-pca4-b15,test,4,32,0,0.05,0.0058,0.00146,0.00112,0.00388,0.007,18.16,1.0
morton-pca4-b15,validation,4,64,0,0.0755,0.0094,0.00258,0.00194,0.00763,0.01188,31.84,1.0
morton-pca4-b15,test,4,64,0,0.0895,0.0085,0.00279,0.002,0.00737,0.01125,31.59,1.0
morton-pca4-b15,validation,4,40,1,0.118,0.0097,0.005,0.005,0.005,0.005,28.05,1.0
morton-pca4-b15,test,4,40,1,0.1335,0.0097,0.005,0.005,0.005,0.005,27.8,1.0
morton-pca4-b15,validation,4,80,1,0.2055,0.0135,0.01,0.01,0.01,0.01,54.43,1.0
morton-pca4-b15,test,4,80,1,0.222,0.013,0.01,0.01,0.01,0.01,53.12,1.0
morton-pca4-b15,validation,4,160,1,0.3245,0.0171,0.02,0.02,0.02,0.02,107.06,1.0
morton-pca4-b15,test,4,160,1,0.3395,0.0157,0.01999,0.02,0.02,0.02,104.72,0.995
morton-pca4-b15,validation,4,400,1,0.531,0.0191,0.0493,0.05,0.05,0.05,262.81,0.91
morton-pca4-b15,test,4,400,1,0.5575,0.0189,0.04935,0.05,0.05,0.05,256.0,0.95
morton-pca4-b15,validation,5,1,0,0.0005,0.0005,1e-05,0.0,0.0,0.00013,1.0,1.0
morton-pca4-b15,test,5,1,0,0.004,0.0014,1e-05,0.0,0.00013,0.00013,1.0,1.0
morton-pca4-b15,validation,5,2,0,0.0005,0.0005,1e-05,0.0,0.00013,0.00025,1.86,1.0
morton-pca4-b15,test,5,2,0,0.0045,0.0015,1e-05,0.0,0.00013,0.00013,1.86,1.0
morton-pca4-b15,validation,5,4,0,0.001,0.0007,2e-05,0.0,0.00013,0.00025,3.45,1.0
morton-pca4-b15,test,5,4,0,0.0055,0.0016,2e-05,0.0,0.00013,0.00025,3.44,1.0
morton-pca4-b15,validation,5,8,0,0.0025,0.0013,3e-05,0.0,0.00013,0.0005,6.11,1.0
morton-pca4-b15,test,5,8,0,0.006,0.0017,3e-05,0.0,0.00013,0.00025,6.24,1.0
morton-pca4-b15,validation,5,16,0,0.004,0.0016,6e-05,0.0,0.00025,0.00075,11.06,1.0
morton-pca4-b15,test,5,16,0,0.009,0.0021,5e-05,0.0,0.00025,0.0005,10.99,1.0
morton-pca4-b15,validation,5,32,0,0.008,0.0024,0.00011,0.0,0.00038,0.001,19.25,1.0
morton-pca4-b15,test,5,32,0,0.0105,0.0024,9e-05,0.0,0.0005,0.001,19.29,1.0
morton-pca4-b15,validation,5,64,0,0.013,0.003,0.00022,0.00013,0.00088,0.00137,32.84,1.0
morton-pca4-b15,test,5,64,0,0.0155,0.0031,0.00021,0.00013,0.00075,0.00175,33.2,1.0
morton-pca4-b15,validation,5,40,1,0.1095,0.0094,0.00439,0.005,0.005,0.005,33.66,0.68
morton-pca4-b15,test,5,40,1,0.129,0.0098,0.0045,0.005,0.005,0.005,34.44,0.72
morton-pca4-b15,validation,5,80,1,0.1575,0.012,0.00674,0.00694,0.01,0.01,51.48,0.32
morton-pca4-b15,test,5,80,1,0.1705,0.012,0.00709,0.00762,0.01,0.01,53.88,0.315
morton-pca4-b15,validation,5,160,1,0.1775,0.0136,0.0082,0.00694,0.0185,0.02,62.38,0.04
morton-pca4-b15,test,5,160,1,0.1925,0.0134,0.00874,0.00762,0.01963,0.02,66.22,0.04
morton-pca4-b15,validation,5,400,1,0.1785,0.0137,0.00838,0.00694,0.0185,0.02763,63.67,0.0
morton-pca4-b15,test,5,400,1,0.1935,0.0135,0.00885,0.00762,0.01963,0.02675,67.0,0.0
hilbert-rp2-s0-b30,validation,2,1,0,0.141,0.0093,0.06334,0.06294,0.07963,0.07963,1.0,1.0
hilbert-rp2-s0-b30,test,2,1,0,0.151,0.0104,0.06351,0.06012,0.07963,0.07963,1.0,1.0
hilbert-rp2-s0-b30,validation,2,2,0,0.2515,0.0128,0.12666,0.12637,0.14713,0.14713,1.38,1.0
hilbert-rp2-s0-b30,test,2,2,0,0.265,0.0138,0.1262,0.12637,0.14713,0.14713,1.44,1.0
hilbert-rp2-s0-b30,validation,2,4,0,0.4255,0.0158,0.25387,0.258,0.27088,0.27337,1.61,1.0
hilbert-rp2-s0-b30,test,2,4,0,0.437,0.0165,0.25164,0.257,0.27075,0.27337,1.58,1.0
hilbert-rp2-s0-b30,validation,2,8,0,0.7065,0.0157,0.50276,0.50113,0.51938,0.52225,2.12,1.0
hilbert-rp2-s0-b30,test,2,8,0,0.7255,0.0131,0.50219,0.50113,0.51866,0.52225,2.23,1.0
hilbert-rp2-s0-b30,validation,2,16,0,1.0,0.0,1.0,1.0,1.0,1.0,1.0,1.0
hilbert-rp2-s0-b30,test,2,16,0,1.0,0.0,1.0,1.0,1.0,1.0,1.0,1.0
hilbert-rp2-s0-b30,validation,2,32,0,1.0,0.0,1.0,1.0,1.0,1.0,1.0,1.0
hilbert-rp2-s0-b30,test,2,32,0,1.0,0.0,1.0,1.0,1.0,1.0,1.0,1.0
hilbert-rp2-s0-b30,validation,2,64,0,1.0,0.0,1.0,1.0,1.0,1.0,1.0,1.0
hilbert-rp2-s0-b30,test,2,64,0,1.0,0.0,1.0,1.0,1.0,1.0,1.0,1.0
hilbert-rp2-s0-b30,validation,2,40,1,0.016,0.0029,0.005,0.005,0.005,0.005,1.0,1.0
hilbert-rp2-s0-b30,test,2,40,1,0.0095,0.0023,0.005,0.005,0.005,0.005,1.0,1.0
hilbert-rp2-s0-b30,validation,2,80,1,0.0255,0.0037,0.01,0.01,0.01,0.01,1.0,1.0
hilbert-rp2-s0-b30,test,2,80,1,0.0225,0.0034,0.01,0.01,0.01,0.01,1.0,1.0
hilbert-rp2-s0-b30,validation,2,160,1,0.0435,0.005,0.02,0.02,0.02,0.02,1.0,1.0
hilbert-rp2-s0-b30,test,2,160,1,0.0415,0.0047,0.02,0.02,0.02,0.02,1.0,1.0
hilbert-rp2-s0-b30,validation,2,400,1,0.112,0.0078,0.05,0.05,0.05,0.05,1.0,1.0
hilbert-rp2-s0-b30,test,2,400,1,0.1155,0.0081,0.05,0.05,0.05,0.05,1.0,1.0
hilbert-rp2-s0-b30,validation,3,1,0,0.04,0.0048,0.01599,0.01575,0.021,0.02287,1.0,1.0
hilbert-rp2-s0-b30,test,3,1,0,0.052,0.0063,0.01605,0.01562,0.021,0.02287,1.0,1.0
hilbert-rp2-s0-b30,validation,3,2,0,0.08,0.0072,0.03198,0.03175,0.04,0.04387,1.46,1.0
hilbert-rp2-s0-b30,test,3,2,0,0.084,0.0078,0.032,0.0305,0.04037,0.04387,1.44,1.0
hilbert-rp2-s0-b30,validation,3,4,0,0.1385,0.0096,0.06395,0.06388,0.07963,0.08125,1.86,1.0
hilbert-rp2-s0-b30,test,3,4,0,0.153,0.0103,0.06348,0.06194,0.07963,0.08125,1.89,1.0
hilbert-rp2-s0-b30,validation,3,8,0,0.2435,0.0129,0.12695,0.12806,0.14538,0.14713,2.5,1.0
hilbert-rp2-s0-b30,test,3,8,0,0.27,0.0136,0.12617,0.12512,0.14538,0.14713,2.5,1.0
hilbert-rp2-s0-b30,validation,3,16,0,0.4495,0.0158,0.25321,0.25644,0.27225,0.279,3.08,1.0
hilbert-rp2-s0-b30,test,3,16,0,0.4445,0.0166,0.25113,0.25181,0.27289,0.279,3.13,1.0
hilbert-rp2-s0-b30,validation,3,32,0,0.728,0.0156,0.50351,0.50881,0.51515,0.51963,4.14,1.0
hilbert-rp2-s0-b30,test,3,32,0,0.7355,0.013,0.50191,0.50606,0.51513,0.51963,4.11,1.0
hilbert-rp2-s0-b30,validation,3,64,0,1.0,0.0,1.0,1.0,1.0,1.0,1.0,1.0
hilbert-rp2-s0-b30,test,3,64,0,1.0,0.0,1.0,1.0,1.0,1.0,1.0,1.0
hilbert-rp2-s0-b30,validation,3,40,1,0.013,0.0027,0.005,0.005,0.005,0.005,1.0,1.0
hilbert-rp2-s0-b30,test,3,40,1,0.0165,0.003,0.005,0.005,0.005,0.005,1.0,1.0
hilbert-rp2-s0-b30,validation,3,80,1,0.0255,0.0037,0.01,0.01,0.01,0.01,1.0,1.0
hilbert-rp2-s0-b30,test,3,80,1,0.036,0.0047,0.01,0.01,0.01,0.01,1.0,1.0
hilbert-rp2-s0-b30,validation,3,160,1,0.0485,0.0051,0.02,0.02,0.02,0.02,1.46,1.0
hilbert-rp2-s0-b30,test,3,160,1,0.06,0.0063,0.02,0.02,0.02,0.02,1.41,1.0
hilbert-rp2-s0-b30,validation,3,400,1,0.1095,0.0086,0.05,0.05,0.05,0.05,1.9,1.0
hilbert-rp2-s0-b30,test,3,400,1,0.1255,0.0088,0.05,0.05,0.05,0.05,1.85,1.0
hilbert-rp2-s0-b30,validation,4,1,0,0.01,0.0025,0.00391,0.00387,0.00526,0.0075,1.0,1.0
hilbert-rp2-s0-b30,test,4,1,0,0.018,0.0032,0.00404,0.00387,0.006,0.0075,1.0,1.0
hilbert-rp2-s0-b30,validation,4,2,0,0.022,0.0036,0.00796,0.00775,0.01027,0.013,1.52,1.0
hilbert-rp2-s0-b30,test,4,2,0,0.033,0.0044,0.00808,0.00788,0.01226,0.013,1.44,1.0
hilbert-rp2-s0-b30,validation,4,4,0,0.0355,0.0044,0.01596,0.01588,0.02041,0.024,2.1,1.0
hilbert-rp2-s0-b30,test,4,4,0,0.055,0.0064,0.01594,0.01537,0.022,0.024,1.93,1.0
hilbert-rp2-s0-b30,validation,4,8,0,0.073,0.007,0.03215,0.03169,0.03963,0.04387,2.77,1.0
hilbert-rp2-s0-b30,test,4,8,0,0.0945,0.0083,0.03196,0.031,0.04251,0.0435,2.67,1.0
hilbert-rp2-s0-b30,validation,4,16,0,0.1345,0.0094,0.06398,0.06394,0.07876,0.08325,3.87,1.0
hilbert-rp2-s0-b30,test,4,16,0,0.155,0.0101,0.06355,0.06212,0.08025,0.08238,4.03,1.0
hilbert-rp2-s0-b30,validation,4,32,0,0.2415,0.012,0.12687,0.12725,0.14575,0.14738,5.46,1.0
hilbert-rp2-s0-b30,test,4,32,0,0.2695,0.0136,0.12596,0.12456,0.14563,0.1465,5.36,1.0
hilbert-rp2-s0-b30,validation,4,64,0,0.444,0.0158,0.25315,0.255,0.27375,0.27587,6.17,1.0
hilbert-rp2-s0-b30,test,4,64,0,0.445,0.0159,0.25092,0.25125,0.27363,0.276,6.05,1.0
hilbert-rp2-s0-b30,validation,4,40,1,0.013,0.0027,0.005,0.005,0.005,0.005,1.49,1.0
hilbert-rp2-s0-b30,test,4,40,1,0.0205,0.0032,0.005,0.005,0.005,0.005,1.38,1.0
hilbert-rp2-s0-b30,validation,4,80,1,0.023,0.0036,0.01,0.01,0.01,0.01,1.9,1.0
hilbert-rp2-s0-b30,test,4,80,1,0.038,0.0047,0.01,0.01,0.01,0.01,1.82,1.0
hilbert-rp2-s0-b30,validation,4,160,1,0.043,0.0049,0.02,0.02,0.02,0.02,2.54,1.0
hilbert-rp2-s0-b30,test,4,160,1,0.0645,0.0065,0.02,0.02,0.02,0.02,2.35,1.0
hilbert-rp2-s0-b30,validation,4,400,1,0.104,0.0082,0.05,0.05,0.05,0.05,3.67,1.0
hilbert-rp2-s0-b30,test,4,400,1,0.132,0.0096,0.05,0.05,0.05,0.05,3.8,1.0
hilbert-rp2-s0-b30,validation,5,1,0,0.002,0.001,0.00094,0.00088,0.0015,0.00225,1.0,1.0
hilbert-rp2-s0-b30,test,5,1,0,0.007,0.0019,0.00102,0.001,0.00175,0.00237,1.0,1.0
hilbert-rp2-s0-b30,validation,5,2,0,0.0035,0.0013,0.00195,0.002,0.00288,0.00363,1.42,1.0
hilbert-rp2-s0-b30,test,5,2,0,0.0135,0.0026,0.00208,0.002,0.00325,0.0045,1.48,1.0
hilbert-rp2-s0-b30,validation,5,4,0,0.008,0.0022,0.00393,0.00387,0.0055,0.0075,2.08,1.0
hilbert-rp2-s0-b30,test,5,4,0,0.0235,0.0035,0.00411,0.004,0.006,0.0075,2.15,1.0
hilbert-rp2-s0-b30,validation,5,8,0,0.0225,0.0036,0.00798,0.00775,0.01025,0.0135,3.0,1.0
hilbert-rp2-s0-b30,test,5,8,0,0.0305,0.0039,0.00807,0.00775,0.01165,0.0135,2.75,1.0
hilbert-rp2-s0-b30,validation,5,16,0,0.039,0.0047,0.01604,0.01575,0.02026,0.02463,4.28,1.0
hilbert-rp2-s0-b30,test,5,16,0,0.0545,0.0059,0.01592,0.01525,0.02201,0.024,4.19,1.0
hilbert-rp2-s0-b30,validation,5,32,0,0.0715,0.007,0.03193,0.03169,0.03964,0.04337,5.91,1.0
hilbert-rp2-s0-b30,test,5,32,0,0.0975,0.0083,0.03184,0.03094,0.04126,0.04325,5.7,1.0
hilbert-rp2-s0-b30,validation,5,64,0,0.129,0.0088,0.06381,0.06356,0.07727,0.08425,7.66,1.0
hilbert-rp2-s0-b30,test,5,64,0,0.155,0.0103,0.06355,0.06206,0.08063,0.08238,7.85,1.0
hilbert-rp2-s0-b30,validation,5,40,1,0.0115,0.0025,0.005,0.005,0.005,0.005,2.57,1.0
hilbert-rp2-s0-b30,test,5,40,1,0.0265,0.0036,0.005,0.005,0.005,0.005,2.51,1.0
hilbert-rp2-s0-b30,validation,5,80,1,0.0285,0.004,0.01,0.01,0.01,0.01,3.63,1.0
hilbert-rp2-s0-b30,test,5,80,1,0.0375,0.0043,0.01,0.01,0.01,0.01,3.45,1.0
hilbert-rp2-s0-b30,validation,5,160,1,0.045,0.0052,0.02,0.02,0.02,0.02,4.82,1.0
hilbert-rp2-s0-b30,test,5,160,1,0.0615,0.0064,0.02,0.02,0.02,0.02,4.78,1.0
hilbert-rp2-s0-b30,validation,5,400,1,0.106,0.0082,0.05,0.05,0.05,0.05,7.36,1.0
hilbert-rp2-s0-b30,test,5,400,1,0.1315,0.0093,0.05,0.05,0.05,0.05,7.25,1.0
hilbert-rp2-s0-b30,validation,6,1,0,0.001,0.0007,0.00023,0.00019,0.00063,0.00088,1.0,1.0
hilbert-rp2-s0-b30,test,6,1,0,0.003,0.0012,0.00027,0.00025,0.00051,0.001,1.0,1.0
hilbert-rp2-s0-b30,validation,6,2,0,0.001,0.0007,0.00049,0.00044,0.001,0.0015,1.5,1.0
hilbert-rp2-s0-b30,test,6,2,0,0.004,0.0014,0.00053,0.0005,0.00101,0.0015,1.44,1.0
hilbert-rp2-s0-b30,validation,6,4,0,0.0015,0.0009,0.00099,0.001,0.00162,0.002,2.12,1.0
hilbert-rp2-s0-b30,test,6,4,0,0.009,0.0021,0.00105,0.001,0.00176,0.00225,2.07,1.0
hilbert-rp2-s0-b30,validation,6,8,0,0.003,0.0012,0.00194,0.00194,0.00276,0.00375,2.92,1.0
hilbert-rp2-s0-b30,test,6,8,0,0.0125,0.0026,0.00207,0.002,0.00338,0.0045,2.94,1.0
hilbert-rp2-s0-b30,validation,6,16,0,0.0095,0.0023,0.00396,0.00387,0.00537,0.007,4.45,1.0
hilbert-rp2-s0-b30,test,6,16,0,0.0205,0.0034,0.00407,0.00387,0.0059,0.0075,4.3,1.0
hilbert-rp2-s0-b30,validation,6,32,0,0.0225,0.0036,0.00798,0.00788,0.01038,0.01275,6.13,1.0
hilbert-rp2-s0-b30,test,6,32,0,0.032,0.0042,0.00804,0.00788,0.01176,0.01388,6.04,1.0
hilbert-rp2-s0-b30,validation,6,64,0,0.041,0.0047,0.01606,0.01575,0.02002,0.02312,8.35,1.0
hilbert-rp2-s0-b30,test,6,64,0,0.056,0.0061,0.01588,0.01525,0.02176,0.02463,8.12,1.0
hilbert-rp2-s0-b30,validation,6,40,1,0.0115,0.0025,0.005,0.005,0.005,0.005,6.39,1.0
hilbert-rp2-s0-b30,test,6,40,1,0.022,0.0033,0.005,0.005,0.005,0.005,6.18,1.0
hilbert-rp2-s0-b30,validation,6,80,1,0.0265,0.0038,0.01,0.01,0.01,0.01,10.13,1.0
hilbert-rp2-s0-b30,test,6,80,1,0.039,0.0046,0.01,0.01,0.01,0.01,10.08,1.0
hilbert-rp2-s0-b30,validation,6,160,1,0.047,0.0053,0.02,0.02,0.02,0.02,16.57,1.0
hilbert-rp2-s0-b30,test,6,160,1,0.0645,0.0066,0.02,0.02,0.02,0.02,16.68,1.0
hilbert-rp2-s0-b30,validation,6,400,1,0.1065,0.0081,0.05,0.05,0.05,0.05,34.01,1.0
hilbert-rp2-s0-b30,test,6,400,1,0.1345,0.0097,0.05,0.05,0.05,0.05,34.8,1.0
hilbert-rp2-s0-b30,validation,7,1,0,0.0005,0.0005,6e-05,0.0,0.00025,0.00038,1.0,1.0
hilbert-rp2-s0-b30,test,7,1,0,0.002,0.001,6e-05,0.0,0.00025,0.00038,1.0,1.0
hilbert-rp2-s0-b30,validation,7,2,0,0.0005,0.0005,0.00013,0.00013,0.00038,0.00063,1.53,1.0
hilbert-rp2-s0-b30,test,7,2,0,0.003,0.0012,0.00012,0.00013,0.00038,0.0005,1.47,1.0
hilbert-rp2-s0-b30,validation,7,4,0,0.0005,0.0005,0.00025,0.00025,0.00063,0.00088,2.23,1.0
hilbert-rp2-s0-b30,test,7,4,0,0.0035,0.0013,0.00026,0.00025,0.00063,0.00075,2.15,1.0
hilbert-rp2-s0-b30,validation,7,8,0,0.001,0.0007,0.00051,0.0005,0.001,0.0015,3.0,1.0
hilbert-rp2-s0-b30,test,7,8,0,0.004,0.0014,0.00051,0.0005,0.001,0.0015,2.92,1.0
hilbert-rp2-s0-b30,validation,7,16,0,0.001,0.0007,0.00099,0.001,0.00162,0.00237,4.37,1.0
hilbert-rp2-s0-b30,test,7,16,0,0.0075,0.002,0.00103,0.001,0.00175,0.00237,4.29,1.0
hilbert-rp2-s0-b30,validation,7,32,0,0.0035,0.0013,0.00194,0.002,0.00276,0.00337,6.3,1.0
hilbert-rp2-s0-b30,test,7,32,0,0.011,0.0024,0.00208,0.002,0.00302,0.00425,6.23,1.0
hilbert-rp2-s0-b30,validation,7,64,0,0.0105,0.0024,0.00394,0.00387,0.00538,0.00725,8.86,1.0
hilbert-rp2-s0-b30,test,7,64,0,0.02,0.0034,0.00404,0.00387,0.00577,0.00762,8.66,1.0
hilbert-rp2-s0-b30,validation,7,40,1,0.0125,0.0025,0.005,0.005,0.005,0.005,20.91,1.0
hilbert-rp2-s0-b30,test,7,40,1,0.021,0.0034,0.005,0.005,0.005,0.005,20.78,1.0
hilbert-rp2-s0-b30,validation,7,80,1,0.026,0.0037,0.01,0.01,0.01,0.01,40.6,1.0
hilbert-rp2-s0-b30,test,7,80,1,0.0375,0.0043,0.01,0.01,0.01,0.01,40.85,1.0
hilbert-rp2-s0-b30,validation,7,160,1,0.047,0.0053,0.02,0.02,0.02,0.02,79.76,1.0
hilbert-rp2-s0-b30,test,7,160,1,0.066,0.0066,0.02,0.02,0.02,0.02,80.78,1.0
hilbert-rp2-s0-b30,validation,7,400,1,0.1085,0.0081,0.05,0.05,0.05,0.05,197.49,1.0
hilbert-rp2-s0-b30,test,7,400,1,0.1325,0.0095,0.05,0.05,0.05,0.05,198.44,1.0
hilbert-rp2-s0-b30,validation,8,1,0,0.0005,0.0005,2e-05,0.0,0.00013,0.00025,1.0,1.0
hilbert-rp2-s0-b30,test,8,1,0,0.0015,0.0009,1e-05,0.0,0.00013,0.00025,1.0,1.0
hilbert-rp2-s0-b30,validation,8,2,0,0.0005,0.0005,4e-05,0.0,0.00013,0.00038,1.55,1.0
hilbert-rp2-s0-b30,test,8,2,0,0.0015,0.0009,3e-05,0.0,0.00013,0.00025,1.45,1.0
hilbert-rp2-s0-b30,validation,8,4,0,0.0005,0.0005,7e-05,0.0,0.00025,0.0005,2.19,1.0
hilbert-rp2-s0-b30,test,8,4,0,0.0015,0.0009,7e-05,0.0,0.00025,0.0005,2.13,1.0
hilbert-rp2-s0-b30,validation,8,8,0,0.0005,0.0005,0.00013,0.00013,0.00038,0.00063,3.04,1.0
hilbert-rp2-s0-b30,test,8,8,0,0.002,0.001,0.00012,0.00013,0.00038,0.0005,2.97,1.0
hilbert-rp2-s0-b30,validation,8,16,0,0.001,0.0007,0.00026,0.00025,0.00063,0.00088,4.55,1.0
hilbert-rp2-s0-b30,test,8,16,0,0.004,0.0014,0.00026,0.00025,0.00063,0.00088,4.57,1.0
hilbert-rp2-s0-b30,validation,8,32,0,0.001,0.0007,0.00051,0.0005,0.001,0.0015,6.4,1.0
hilbert-rp2-s0-b30,test,8,32,0,0.004,0.0014,0.00051,0.0005,0.001,0.00162,6.33,1.0
hilbert-rp2-s0-b30,validation,8,64,0,0.0015,0.0009,0.00098,0.001,0.00151,0.00225,8.88,1.0
hilbert-rp2-s0-b30,test,8,64,0,0.007,0.0019,0.00103,0.001,0.00162,0.00237,8.75,1.0
hilbert-rp2-s0-b30,validation,8,40,1,0.013,0.0027,0.005,0.005,0.005,0.005,33.84,1.0
hilbert-rp2-s0-b30,test,8,40,1,0.021,0.0032,0.005,0.005,0.005,0.005,33.91,1.0
hilbert-rp2-s0-b30,validation,8,80,1,0.026,0.0037,0.01,0.01,0.01,0.01,67.21,1.0
hilbert-rp2-s0-b30,test,8,80,1,0.0375,0.0044,0.01,0.01,0.01,0.01,67.3,1.0
hilbert-rp2-s0-b30,validation,8,160,1,0.047,0.0053,0.02,0.02,0.02,0.02,134.01,1.0
hilbert-rp2-s0-b30,test,8,160,1,0.066,0.0065,0.02,0.02,0.02,0.02,134.5,1.0
hilbert-rp2-s0-b30,validation,8,400,1,0.1065,0.0081,0.04987,0.05,0.05,0.05,333.65,0.98
hilbert-rp2-s0-b30,test,8,400,1,0.1335,0.0095,0.04998,0.05,0.05,0.05,335.45,0.995
hilbert-rp2-s0-b30,validation,10,1,0,0.0005,0.0005,0.0,0.0,0.0,0.00013,1.0,1.0
hilbert-rp2-s0-b30,test,10,1,0,0.0015,0.0009,0.0,0.0,0.0,0.00013,1.0,1.0
hilbert-rp2-s0-b30,validation,10,2,0,0.0005,0.0005,0.0,0.0,0.0,0.00013,1.48,1.0
hilbert-rp2-s0-b30,test,10,2,0,0.0015,0.0009,0.0,0.0,0.0,0.00013,1.5,1.0
hilbert-rp2-s0-b30,validation,10,4,0,0.0005,0.0005,1e-05,0.0,0.00013,0.00013,2.12,1.0
hilbert-rp2-s0-b30,test,10,4,0,0.0015,0.0009,0.0,0.0,0.0,0.00013,2.23,1.0
hilbert-rp2-s0-b30,validation,10,8,0,0.0005,0.0005,1e-05,0.0,0.00013,0.00025,2.96,1.0
hilbert-rp2-s0-b30,test,10,8,0,0.0015,0.0009,1e-05,0.0,0.00013,0.00025,2.92,1.0
hilbert-rp2-s0-b30,validation,10,16,0,0.0005,0.0005,2e-05,0.0,0.00013,0.00025,4.4,1.0
hilbert-rp2-s0-b30,test,10,16,0,0.0015,0.0009,2e-05,0.0,0.00013,0.00025,4.36,1.0
hilbert-rp2-s0-b30,validation,10,32,0,0.0005,0.0005,4e-05,0.0,0.00013,0.00025,6.31,1.0
hilbert-rp2-s0-b30,test,10,32,0,0.0015,0.0009,3e-05,0.0,0.00013,0.00025,6.22,1.0
hilbert-rp2-s0-b30,validation,10,64,0,0.0005,0.0005,6e-05,0.0,0.00025,0.00038,8.82,1.0
hilbert-rp2-s0-b30,test,10,64,0,0.0015,0.0009,7e-05,0.0,0.00025,0.0005,9.0,1.0
hilbert-rp2-s0-b30,validation,10,40,1,0.0105,0.0024,0.00387,0.00387,0.005,0.005,30.66,0.115
hilbert-rp2-s0-b30,test,10,40,1,0.0175,0.003,0.00394,0.00394,0.005,0.005,31.16,0.105
hilbert-rp2-s0-b30,validation,10,80,1,0.0105,0.0024,0.00392,0.00387,0.00537,0.00662,31.04,0.0
hilbert-rp2-s0-b30,test,10,80,1,0.0185,0.0033,0.00405,0.00394,0.00566,0.0075,32.09,0.0
hilbert-rp2-s0-b30,validation,10,160,1,0.0105,0.0024,0.00392,0.00387,0.00537,0.00662,31.04,0.0
hilbert-rp2-s0-b30,test,10,160,1,0.0185,0.0033,0.00405,0.00394,0.00566,0.0075,32.09,0.0
hilbert-rp2-s0-b30,validation,10,400,1,0.0105,0.0024,0.00392,0.00387,0.00537,0.00662,31.04,0.0
hilbert-rp2-s0-b30,test,10,400,1,0.0185,0.0033,0.00405,0.00394,0.00566,0.0075,32.09,0.0
hilbert-rp2-s1-b30,validation,2,1,0,0.168,0.0118,0.06279,0.06288,0.06925,0.06925,1.0,1.0
hilbert-rp2-s1-b30,test,2,1,0,0.161,0.01,0.06224,0.0625,0.06538,0.06925,1.0,1.0
hilbert-rp2-s1-b30,validation,2,2,0,0.2965,0.0158,0.12527,0.12462,0.13462,0.13462,1.31,1.0
hilbert-rp2-s1-b30,test,2,2,0,0.2925,0.0158,0.12476,0.1245,0.12976,0.13462,1.4,1.0
hilbert-rp2-s1-b30,validation,2,4,0,0.473,0.017,0.25041,0.25144,0.256,0.25625,1.57,1.0
hilbert-rp2-s1-b30,test,2,4,0,0.487,0.0175,0.24969,0.24913,0.25625,0.25625,1.59,1.0
hilbert-rp2-s1-b30,validation,2,8,0,0.7555,0.0136,0.49965,0.49988,0.50887,0.50887,2.23,1.0
hilbert-rp2-s1-b30,test,2,8,0,0.746,0.0145,0.49945,0.49988,0.50887,0.50887,2.22,1.0
hilbert-rp2-s1-b30,validation,2,16,0,1.0,0.0,1.0,1.0,1.0,1.0,1.0,1.0
hilbert-rp2-s1-b30,test,2,16,0,1.0,0.0,1.0,1.0,1.0,1.0,1.0,1.0
hilbert-rp2-s1-b30,validation,2,32,0,1.0,0.0,1.0,1.0,1.0,1.0,1.0,1.0
hilbert-rp2-s1-b30,test,2,32,0,1.0,0.0,1.0,1.0,1.0,1.0,1.0,1.0
hilbert-rp2-s1-b30,validation,2,64,0,1.0,0.0,1.0,1.0,1.0,1.0,1.0,1.0
hilbert-rp2-s1-b30,test,2,64,0,1.0,0.0,1.0,1.0,1.0,1.0,1.0,1.0
hilbert-rp2-s1-b30,validation,2,40,1,0.0125,0.0025,0.005,0.005,0.005,0.005,1.0,1.0
hilbert-rp2-s1-b30,test,2,40,1,0.013,0.0028,0.005,0.005,0.005,0.005,1.0,1.0
hilbert-rp2-s1-b30,validation,2,80,1,0.028,0.0041,0.01,0.01,0.01,0.01,1.0,1.0
hilbert-rp2-s1-b30,test,2,80,1,0.025,0.0037,0.01,0.01,0.01,0.01,1.0,1.0
hilbert-rp2-s1-b30,validation,2,160,1,0.0595,0.0059,0.02,0.02,0.02,0.02,1.0,1.0
hilbert-rp2-s1-b30,test,2,160,1,0.054,0.0055,0.02,0.02,0.02,0.02,1.0,1.0
hilbert-rp2-s1-b30,validation,2,400,1,0.138,0.0103,0.05,0.05,0.05,0.05,1.0,1.0
hilbert-rp2-s1-b30,test,2,400,1,0.1325,0.0087,0.05,0.05,0.05,0.05,1.0,1.0
hilbert-rp2-s1-b30,validation,3,1,0,0.0505,0.0058,0.01586,0.01562,0.019,0.02025,1.0,1.0
hilbert-rp2-s1-b30,test,3,1,0,0.0525,0.0052,0.01561,0.01562,0.01787,0.02025,1.0,1.0
hilbert-rp2-s1-b30,validation,3,2,0,0.1005,0.009,0.03134,0.03125,0.03463,0.03925,1.48,1.0
hilbert-rp2-s1-b30,test,3,2,0,0.092,0.0079,0.03133,0.03138,0.03463,0.03925,1.45,1.0
hilbert-rp2-s1-b30,validation,3,4,0,0.1755,0.0117,0.06268,0.0625,0.06925,0.0705,1.86,1.0
hilbert-rp2-s1-b30,test,3,4,0,0.1715,0.0106,0.0623,0.06225,0.06763,0.0705,1.96,1.0
hilbert-rp2-s1-b30,validation,3,8,0,0.3035,0.016,0.12533,0.12575,0.1325,0.13462,2.54,1.0
hilbert-rp2-s1-b30,test,3,8,0,0.296,0.0152,0.12475,0.12462,0.13214,0.13462,2.65,1.0
hilbert-rp2-s1-b30,validation,3,16,0,0.4875,0.0173,0.25046,0.25075,0.25589,0.2575,2.99,1.0
hilbert-rp2-s1-b30,test,3,16,0,0.494,0.0179,0.24993,0.24944,0.25589,0.257,3.12,1.0
hilbert-rp2-s1-b30,validation,3,32,0,0.75,0.0139,0.50006,0.5,0.50801,0.51025,4.25,1.0
hilbert-rp2-s1-b30,test,3,32,0,0.7525,0.0142,0.49989,0.5,0.50738,0.51025,4.25,1.0
hilbert-rp2-s1-b30,validation,3,64,0,1.0,0.0,1.0,1.0,1.0,1.0,1.0,1.0
hilbert-rp2-s1-b30,test,3,64,0,1.0,0.0,1.0,1.0,1.0,1.0,1.0,1.0
hilbert-rp2-s1-b30,validation,3,40,1,0.0155,0.0028,0.005,0.005,0.005,0.005,1.0,1.0
hilbert-rp2-s1-b30,test,3,40,1,0.016,0.0027,0.005,0.005,0.005,0.005,1.0,1.0
hilbert-rp2-s1-b30,validation,3,80,1,0.0315,0.0046,0.01,0.01,0.01,0.01,1.0,1.0
hilbert-rp2-s1-b30,test,3,80,1,0.032,0.0042,0.01,0.01,0.01,0.01,1.0,1.0
hilbert-rp2-s1-b30,validation,3,160,1,0.0635,0.0067,0.02,0.02,0.02,0.02,1.44,1.0
hilbert-rp2-s1-b30,test,3,160,1,0.0645,0.0062,0.02,0.02,0.02,0.02,1.44,1.0
hilbert-rp2-s1-b30,validation,3,400,1,0.1465,0.011,0.05,0.05,0.05,0.05,1.91,1.0
hilbert-rp2-s1-b30,test,3,400,1,0.1385,0.0093,0.05,0.05,0.05,0.05,1.98,1.0
hilbert-rp2-s1-b30,validation,4,1,0,0.016,0.0028,0.00403,0.00387,0.0055,0.00675,1.0,1.0
hilbert-rp2-s1-b30,test,4,1,0,0.0165,0.0028,0.00393,0.00387,0.005,0.00675,1.0,1.0
hilbert-rp2-s1-b30,validation,4,2,0,0.03,0.0043,0.00792,0.00775,0.01,0.01238,1.47,1.0
hilbert-rp2-s1-b30,test,4,2,0,0.0305,0.0038,0.00768,0.00762,0.00888,0.01238,1.44,1.0
hilbert-rp2-s1-b30,validation,4,4,0,0.054,0.0058,0.0158,0.01562,0.01875,0.02025,2.02,1.0
hilbert-rp2-s1-b30,test,4,4,0,0.053,0.0052,0.01551,0.01562,0.01762,0.02025,2.03,1.0
hilbert-rp2-s1-b30,validation,4,8,0,0.0975,0.0089,0.03147,0.03125,0.03489,0.03787,2.77,1.0
hilbert-rp2-s1-b30,test,4,8,0,0.093,0.0074,0.03112,0.03087,0.03363,0.03925,2.77,1.0
hilbert-rp2-s1-b30,validation,4,16,0,0.18,0.0125,0.06284,0.063,0.0685,0.07013,3.83,1.0
hilbert-rp2-s1-b30,test,4,16,0,0.166,0.0109,0.06248,0.06256,0.06713,0.06988,3.92,1.0
hilbert-rp2-s1-b30,validation,4,32,0,0.301,0.0155,0.1253,0.12575,0.13276,0.13462,5.3,1.0
hilbert-rp2-s1-b30,test,4,32,0,0.2995,0.0156,0.12485,0.12531,0.13128,0.13462,5.16,1.0
hilbert-rp2-s1-b30,validation,4,64,0,0.4865,0.0172,0.25022,0.25,0.25601,0.258,6.04,1.0
hilbert-rp2-s1-b30,test,4,64,0,0.4975,0.0179,0.25015,0.24963,0.25663,0.2595,6.36,1.0
hilbert-rp2-s1-b30,validation,4,40,1,0.0185,0.0032,0.005,0.005,0.005,0.005,1.42,1.0
hilbert-rp2-s1-b30,test,4,40,1,0.02,0.0032,0.005,0.005,0.005,0.005,1.4,1.0
hilbert-rp2-s1-b30,validation,4,80,1,0.036,0.0047,0.01,0.01,0.01,0.01,1.88,1.0
hilbert-rp2-s1-b30,test,4,80,1,0.0395,0.0045,0.01,0.01,0.01,0.01,1.89,1.0
hilbert-rp2-s1-b30,validation,4,160,1,0.0665,0.0066,0.02,0.02,0.02,0.02,2.48,1.0
hilbert-rp2-s1-b30,test,4,160,1,0.061,0.0058,0.02,0.02,0.02,0.02,2.51,1.0
hilbert-rp2-s1-b30,validation,4,400,1,0.149,0.0109,0.05,0.05,0.05,0.05,3.58,1.0
hilbert-rp2-s1-b30,test,4,400,1,0.141,0.0097,0.05,0.05,0.05,0.05,3.71,1.0
hilbert-rp2-s1-b30,validation,5,1,0,0.0025,0.0011,0.00106,0.001,0.00175,0.00237,1.0,1.0
hilbert-rp2-s1-b30,test,5,1,0,0.007,0.0019,0.001,0.001,0.00162,0.002,1.0,1.0
hilbert-rp2-s1-b30,validation,5,2,0,0.0055,0.0016,0.00203,0.002,0.00313,0.00438,1.52,1.0
hilbert-rp2-s1-b30,test,5,2,0,0.0125,0.0025,0.00204,0.002,0.00287,0.00325,1.47,1.0
hilbert-rp2-s1-b30,validation,5,4,0,0.013,0.0026,0.00403,0.004,0.00538,0.007,2.13,1.0
hilbert-rp2-s1-b30,test,5,4,0,0.02,0.0032,0.00399,0.00387,0.00513,0.00675,2.13,1.0
hilbert-rp2-s1-b30,validation,5,8,0,0.0245,0.0036,0.00796,0.00788,0.00988,0.01238,2.83,1.0
hilbert-rp2-s1-b30,test,5,8,0,0.0305,0.004,0.00781,0.00788,0.00901,0.01238,2.88,1.0
hilbert-rp2-s1-b30,validation,5,16,0,0.0545,0.0061,0.01581,0.01556,0.01888,0.02025,4.25,1.0
hilbert-rp2-s1-b30,test,5,16,0,0.0515,0.0052,0.01562,0.01562,0.01725,0.01975,4.25,1.0
hilbert-rp2-s1-b30,validation,5,32,0,0.095,0.0084,0.03142,0.03138,0.0345,0.038,5.74,1.0
hilbert-rp2-s1-b30,test,5,32,0,0.0945,0.0075,0.03115,0.03125,0.03364,0.03712,5.74,1.0
hilbert-rp2-s1-b30,validation,5,64,0,0.1805,0.0125,0.06276,0.06288,0.06775,0.0705,7.62,1.0
hilbert-rp2-s1-b30,test,5,64,0,0.1685,0.011,0.06236,0.06212,0.06602,0.06925,7.62,1.0
hilbert-rp2-s1-b30,validation,5,40,1,0.0165,0.0029,0.005,0.005,0.005,0.005,2.52,1.0
hilbert-rp2-s1-b30,test,5,40,1,0.0235,0.0036,0.005,0.005,0.005,0.005,2.55,1.0
hilbert-rp2-s1-b30,validation,5,80,1,0.0335,0.0048,0.01,0.01,0.01,0.01,3.45,1.0
hilbert-rp2-s1-b30,test,5,80,1,0.0355,0.0044,0.01,0.01,0.01,0.01,3.54,1.0
hilbert-rp2-s1-b30,validation,5,160,1,0.068,0.007,0.02,0.02,0.02,0.02,4.82,1.0
hilbert-rp2-s1-b30,test,5,160,1,0.0635,0.0061,0.02,0.02,0.02,0.02,4.87,1.0
hilbert-rp2-s1-b30,validation,5,400,1,0.1485,0.011,0.05,0.05,0.05,0.05,7.16,1.0
hilbert-rp2-s1-b30,test,5,400,1,0.142,0.0097,0.05,0.05,0.05,0.05,7.29,1.0
hilbert-rp2-s1-b30,validation,6,1,0,0.001,0.0007,0.00027,0.00025,0.00063,0.00088,1.0,1.0
hilbert-rp2-s1-b30,test,6,1,0,0.0025,0.0011,0.00023,0.00025,0.0005,0.00075,1.0,1.0
hilbert-rp2-s1-b30,validation,6,2,0,0.001,0.0007,0.00049,0.00038,0.001,0.0015,1.46,1.0
hilbert-rp2-s1-b30,test,6,2,0,0.004,0.0014,0.00048,0.0005,0.001,0.00112,1.49,1.0
hilbert-rp2-s1-b30,validation,6,4,0,0.0015,0.0009,0.00099,0.001,0.00162,0.00213,2.11,1.0
hilbert-rp2-s1-b30,test,6,4,0,0.008,0.0019,0.001,0.001,0.00162,0.00187,2.06,1.0
hilbert-rp2-s1-b30,validation,6,8,0,0.005,0.0015,0.00202,0.002,0.00276,0.00363,2.89,1.0
hilbert-rp2-s1-b30,test,6,8,0,0.0115,0.0027,0.00198,0.00194,0.00276,0.00313,2.88,1.0
hilbert-rp2-s1-b30,validation,6,16,0,0.012,0.0024,0.00403,0.00394,0.00538,0.00675,4.43,1.0
hilbert-rp2-s1-b30,test,6,16,0,0.018,0.0031,0.00394,0.00387,0.00525,0.00625,4.36,1.0
hilbert-rp2-s1-b30,validation,6,32,0,0.027,0.0039,0.00797,0.00788,0.00988,0.01213,5.86,1.0
hilbert-rp2-s1-b30,test,6,32,0,0.028,0.004,0.00782,0.00775,0.00913,0.01162,6.04,1.0
hilbert-rp2-s1-b30,validation,6,64,0,0.0545,0.0062,0.01581,0.01562,0.01888,0.02025,8.29,1.0
hilbert-rp2-s1-b30,test,6,64,0,0.055,0.0056,0.01562,0.01569,0.01725,0.01988,8.46,1.0
hilbert-rp2-s1-b30,validation,6,40,1,0.0155,0.0029,0.005,0.005,0.005,0.005,6.29,1.0
hilbert-rp2-s1-b30,test,6,40,1,0.0215,0.0033,0.005,0.005,0.005,0.005,6.28,1.0
hilbert-rp2-s1-b30,validation,6,80,1,0.034,0.0048,0.01,0.01,0.01,0.01,10.2,1.0
hilbert-rp2-s1-b30,test,6,80,1,0.0355,0.0045,0.01,0.01,0.01,0.01,10.27,1.0
hilbert-rp2-s1-b30,validation,6,160,1,0.067,0.0067,0.02,0.02,0.02,0.02,16.73,1.0
hilbert-rp2-s1-b30,test,6,160,1,0.068,0.0063,0.02,0.02,0.02,0.02,17.0,1.0
hilbert-rp2-s1-b30,validation,6,400,1,0.147,0.0108,0.05,0.05,0.05,0.05,35.54,1.0
hilbert-rp2-s1-b30,test,6,400,1,0.14,0.0096,0.05,0.05,0.05,0.05,35.98,1.0
hilbert-rp2-s1-b30,validation,7,1,0,0.0005,0.0005,7e-05,0.0,0.00025,0.00038,1.0,1.0
hilbert-rp2-s1-b30,test,7,1,0,0.002,0.001,4e-05,0.0,0.00013,0.00025,1.0,1.0
hilbert-rp2-s1-b30,validation,7,2,0,0.0005,0.0005,0.00014,0.00013,0.00038,0.00063,1.45,1.0
hilbert-rp2-s1-b30,test,7,2,0,0.0025,0.0011,0.00011,0.00013,0.00038,0.00063,1.51,1.0
hilbert-rp2-s1-b30,validation,7,4,0,0.0005,0.0005,0.00024,0.00025,0.0005,0.00088,2.0,1.0
hilbert-rp2-s1-b30,test,7,4,0,0.003,0.0012,0.00024,0.00025,0.0005,0.00088,2.19,1.0
hilbert-rp2-s1-b30,validation,7,8,0,0.001,0.0007,0.00049,0.0005,0.001,0.00125,2.9,1.0
hilbert-rp2-s1-b30,test,7,8,0,0.0035,0.0013,0.00048,0.0005,0.00088,0.00137,2.93,1.0
hilbert-rp2-s1-b30,validation,7,16,0,0.002,0.001,0.00102,0.001,0.00175,0.00225,4.47,1.0
hilbert-rp2-s1-b30,test,7,16,0,0.0075,0.0019,0.00096,0.00088,0.00151,0.00187,4.36,1.0
hilbert-rp2-s1-b30,validation,7,32,0,0.005,0.0015,0.00203,0.002,0.00287,0.00425,5.86,1.0
hilbert-rp2-s1-b30,test,7,32,0,0.0115,0.0026,0.00202,0.002,0.00287,0.00313,6.26,1.0
hilbert-rp2-s1-b30,validation,7,64,0,0.011,0.0023,0.00405,0.004,0.00525,0.00688,8.69,1.0
hilbert-rp2-s1-b30,test,7,64,0,0.018,0.0031,0.00394,0.00387,0.00501,0.00625,8.74,1.0
hilbert-rp2-s1-b30,validation,7,40,1,0.015,0.003,0.005,0.005,0.005,0.005,21.24,1.0
hilbert-rp2-s1-b30,test,7,40,1,0.02,0.0033,0.005,0.005,0.005,0.005,21.32,1.0
hilbert-rp2-s1-b30,validation,7,80,1,0.035,0.0048,0.01,0.01,0.01,0.01,41.16,1.0
hilbert-rp2-s1-b30,test,7,80,1,0.036,0.0047,0.01,0.01,0.01,0.01,41.94,1.0
hilbert-rp2-s1-b30,validation,7,160,1,0.0655,0.0067,0.02,0.02,0.02,0.02,80.67,1.0
hilbert-rp2-s1-b30,test,7,160,1,0.0685,0.0063,0.02,0.02,0.02,0.02,82.06,1.0
hilbert-rp2-s1-b30,validation,7,400,1,0.1455,0.0108,0.05,0.05,0.05,0.05,199.72,1.0
hilbert-rp2-s1-b30,test,7,400,1,0.1375,0.0096,0.05,0.05,0.05,0.05,201.57,1.0
hilbert-rp2-s1-b30,validation,8,1,0,0.0005,0.0005,2e-05,0.0,0.00013,0.00025,1.0,1.0
hilbert-rp2-s1-b30,test,8,1,0,0.0015,0.0009,1e-05,0.0,0.00013,0.00025,1.0,1.0
hilbert-rp2-s1-b30,validation,8,2,0,0.0005,0.0005,4e-05,0.0,0.00013,0.00025,1.54,1.0
hilbert-rp2-s1-b30,test,8,2,0,0.0015,0.0009,2e-05,0.0,0.00013,0.00025,1.45,1.0
hilbert-rp2-s1-b30,validation,8,4,0,0.0005,0.0005,8e-05,6e-05,0.00025,0.00038,2.25,1.0
hilbert-rp2-s1-b30,test,8,4,0,0.0015,0.0009,5e-05,0.0,0.00025,0.00038,2.14,1.0
hilbert-rp2-s1-b30,validation,8,8,0,0.0005,0.0005,0.00013,0.00013,0.00038,0.00075,2.88,1.0
hilbert-rp2-s1-b30,test,8,8,0,0.002,0.001,0.0001,0.00013,0.00038,0.0005,3.04,1.0
hilbert-rp2-s1-b30,validation,8,16,0,0.0005,0.0005,0.00024,0.00025,0.00063,0.00088,4.2,1.0
hilbert-rp2-s1-b30,test,8,16,0,0.003,0.0012,0.00024,0.00025,0.0005,0.00112,4.5,1.0
hilbert-rp2-s1-b30,validation,8,32,0,0.0015,0.0009,0.00049,0.0005,0.001,0.00125,6.3,1.0
hilbert-rp2-s1-b30,test,8,32,0,0.004,0.0014,0.00048,0.0005,0.00088,0.00137,6.25,1.0
hilbert-rp2-s1-b30,validation,8,64,0,0.0025,0.0011,0.00102,0.001,0.00162,0.00213,8.74,1.0
hilbert-rp2-s1-b30,test,8,64,0,0.008,0.0019,0.00098,0.00094,0.00151,0.00187,8.72,1.0
hilbert-rp2-s1-b30,validation,8,40,1,0.0145,0.0028,0.005,0.005,0.005,0.005,33.72,1.0
hilbert-rp2-s1-b30,test,8,40,1,0.0215,0.0035,0.005,0.005,0.005,0.005,34.06,1.0
hilbert-rp2-s1-b30,validation,8,80,1,0.0365,0.005,0.01,0.01,0.01,0.01,67.45,1.0
hilbert-rp2-s1-b30,test,8,80,1,0.0375,0.0047,0.01,0.01,0.01,0.01,67.69,1.0
hilbert-rp2-s1-b30,validation,8,160,1,0.0665,0.0067,0.02,0.02,0.02,0.02,134.49,1.0
hilbert-rp2-s1-b30,test,8,160,1,0.0675,0.0063,0.02,0.02,0.02,0.02,135.39,1.0
hilbert-rp2-s1-b30,validation,8,400,1,0.144,0.0109,0.05,0.05,0.05,0.05,335.69,1.0
hilbert-rp2-s1-b30,test,8,400,1,0.138,0.0096,0.05,0.05,0.05,0.05,336.76,1.0
hilbert-rp2-s1-b30,validation,10,1,0,0.0005,0.0005,0.0,0.0,0.0,0.00013,1.0,1.0
hilbert-rp2-s1-b30,test,10,1,0,0.0015,0.0009,0.0,0.0,0.0,0.00013,1.0,1.0
hilbert-rp2-s1-b30,validation,10,2,0,0.0005,0.0005,0.0,0.0,0.0,0.00013,1.46,1.0
hilbert-rp2-s1-b30,test,10,2,0,0.0015,0.0009,0.0,0.0,0.0,0.00013,1.5,1.0
hilbert-rp2-s1-b30,validation,10,4,0,0.0005,0.0005,1e-05,0.0,1e-05,0.00013,2.0,1.0
hilbert-rp2-s1-b30,test,10,4,0,0.0015,0.0009,0.0,0.0,0.0,0.00013,2.19,1.0
hilbert-rp2-s1-b30,validation,10,8,0,0.0005,0.0005,1e-05,0.0,0.00013,0.00025,2.98,1.0
hilbert-rp2-s1-b30,test,10,8,0,0.0015,0.0009,1e-05,0.0,0.00013,0.00013,2.98,1.0
hilbert-rp2-s1-b30,validation,10,16,0,0.0005,0.0005,2e-05,0.0,0.00013,0.00025,4.58,1.0
hilbert-rp2-s1-b30,test,10,16,0,0.0015,0.0009,2e-05,0.0,0.00013,0.00025,4.49,1.0
hilbert-rp2-s1-b30,validation,10,32,0,0.0005,0.0005,4e-05,0.0,0.00013,0.00038,6.24,1.0
hilbert-rp2-s1-b30,test,10,32,0,0.0015,0.0009,3e-05,0.0,0.00013,0.00025,6.42,1.0
hilbert-rp2-s1-b30,validation,10,64,0,0.0005,0.0005,7e-05,0.0,0.00025,0.00038,9.03,1.0
hilbert-rp2-s1-b30,test,10,64,0,0.002,0.001,5e-05,0.0,0.00013,0.00038,8.85,1.0
hilbert-rp2-s1-b30,validation,10,40,1,0.0105,0.0023,0.00395,0.00387,0.005,0.005,31.21,0.095
hilbert-rp2-s1-b30,test,10,40,1,0.019,0.0034,0.0039,0.00387,0.005,0.005,30.87,0.08
hilbert-rp2-s1-b30,validation,10,80,1,0.0105,0.0023,0.00401,0.00387,0.00537,0.00675,31.68,0.0
hilbert-rp2-s1-b30,test,10,80,1,0.019,0.0034,0.00393,0.00387,0.00513,0.00625,31.09,0.0
hilbert-rp2-s1-b30,validation,10,160,1,0.0105,0.0023,0.00401,0.00387,0.00537,0.00675,31.68,0.0
hilbert-rp2-s1-b30,test,10,160,1,0.019,0.0034,0.00393,0.00387,0.00513,0.00625,31.09,0.0
hilbert-rp2-s1-b30,validation,10,400,1,0.0105,0.0023,0.00401,0.00387,0.00537,0.00675,31.68,0.0
hilbert-rp2-s1-b30,test,10,400,1,0.019,0.0034,0.00393,0.00387,0.00513,0.00625,31.09,0.0
hilbert-rp2-s2-b30,validation,2,1,0,0.1295,0.0092,0.06251,0.06263,0.06463,0.06463,1.0,1.0
hilbert-rp2-s2-b30,test,2,1,0,0.1515,0.0107,0.06256,0.06212,0.06463,0.06463,1.0,1.0
hilbert-rp2-s2-b30,validation,2,2,0,0.238,0.0133,0.12498,0.12487,0.128,0.128,1.32,1.0
hilbert-rp2-s2-b30,test,2,2,0,0.2735,0.0135,0.12507,0.12512,0.128,0.128,1.46,1.0
hilbert-rp2-s2-b30,validation,2,4,0,0.428,0.0162,0.25003,0.24963,0.254,0.254,1.61,1.0
hilbert-rp2-s2-b30,test,2,4,0,0.4445,0.0149,0.24984,0.2495,0.254,0.254,1.65,1.0
hilbert-rp2-s2-b30,validation,2,8,0,0.706,0.0146,0.49983,0.50025,0.50213,0.50287,2.22,1.0
hilbert-rp2-s2-b30,test,2,8,0,0.7185,0.0141,0.4999,0.50013,0.50153,0.50287,2.14,1.0
hilbert-rp2-s2-b30,validation,2,16,0,1.0,0.0,1.0,1.0,1.0,1.0,1.0,1.0
hilbert-rp2-s2-b30,test,2,16,0,1.0,0.0,1.0,1.0,1.0,1.0,1.0,1.0
hilbert-rp2-s2-b30,validation,2,32,0,1.0,0.0,1.0,1.0,1.0,1.0,1.0,1.0
hilbert-rp2-s2-b30,test,2,32,0,1.0,0.0,1.0,1.0,1.0,1.0,1.0,1.0
hilbert-rp2-s2-b30,validation,2,64,0,1.0,0.0,1.0,1.0,1.0,1.0,1.0,1.0
hilbert-rp2-s2-b30,test,2,64,0,1.0,0.0,1.0,1.0,1.0,1.0,1.0,1.0
hilbert-rp2-s2-b30,validation,2,40,1,0.0095,0.0022,0.005,0.005,0.005,0.005,1.0,1.0
hilbert-rp2-s2-b30,test,2,40,1,0.011,0.0022,0.005,0.005,0.005,0.005,1.0,1.0
hilbert-rp2-s2-b30,validation,2,80,1,0.021,0.0031,0.01,0.01,0.01,0.01,1.0,1.0
hilbert-rp2-s2-b30,test,2,80,1,0.02,0.003,0.01,0.01,0.01,0.01,1.0,1.0
hilbert-rp2-s2-b30,validation,2,160,1,0.0405,0.0049,0.02,0.02,0.02,0.02,1.0,1.0
hilbert-rp2-s2-b30,test,2,160,1,0.046,0.0049,0.02,0.02,0.02,0.02,1.0,1.0
hilbert-rp2-s2-b30,validation,2,400,1,0.1055,0.0082,0.05,0.05,0.05,0.05,1.0,1.0
hilbert-rp2-s2-b30,test,2,400,1,0.1195,0.0094,0.05,0.05,0.05,0.05,1.0,1.0
hilbert-rp2-s2-b30,validation,3,1,0,0.0345,0.0045,0.0156,0.01562,0.01762,0.01787,1.0,1.0
hilbert-rp2-s2-b30,test,3,1,0,0.043,0.0048,0.01561,0.01562,0.01738,0.01787,1.0,1.0
hilbert-rp2-s2-b30,validation,3,2,0,0.0655,0.0066,0.03129,0.03138,0.03338,0.03413,1.4,1.0
hilbert-rp2-s2-b30,test,3,2,0,0.0835,0.0076,0.03126,0.0315,0.0335,0.03413,1.42,1.0
hilbert-rp2-s2-b30,validation,3,4,0,0.1295,0.01,0.06246,0.06263,0.06488,0.06588,1.86,1.0
hilbert-rp2-s2-b30,test,3,4,0,0.144,0.0095,0.06249,0.0625,0.06476,0.06575,1.95,1.0
hilbert-rp2-s2-b30,validation,3,8,0,0.244,0.0128,0.12497,0.125,0.12863,0.12962,2.44,1.0
hilbert-rp2-s2-b30,test,3,8,0,0.2755,0.0135,0.12492,0.12475,0.12863,0.12975,2.46,1.0
hilbert-rp2-s2-b30,validation,3,16,0,0.434,0.016,0.24989,0.25012,0.254,0.25575,3.19,1.0
hilbert-rp2-s2-b30,test,3,16,0,0.4565,0.0149,0.2496,0.24956,0.254,0.25612,3.08,1.0
hilbert-rp2-s2-b30,validation,3,32,0,0.714,0.0136,0.50076,0.50094,0.50376,0.50625,4.21,1.0
hilbert-rp2-s2-b30,test,3,32,0,0.734,0.0139,0.5007,0.50087,0.50376,0.50625,4.16,1.0
hilbert-rp2-s2-b30,validation,3,64,0,1.0,0.0,1.0,1.0,1.0,1.0,1.0,1.0
hilbert-rp2-s2-b30,test,3,64,0,1.0,0.0,1.0,1.0,1.0,1.0,1.0,1.0
hilbert-rp2-s2-b30,validation,3,40,1,0.0125,0.0024,0.005,0.005,0.005,0.005,1.0,1.0
hilbert-rp2-s2-b30,test,3,40,1,0.018,0.0032,0.005,0.005,0.005,0.005,1.0,1.0
hilbert-rp2-s2-b30,validation,3,80,1,0.02,0.0032,0.01,0.01,0.01,0.01,1.0,1.0
hilbert-rp2-s2-b30,test,3,80,1,0.0295,0.0041,0.01,0.01,0.01,0.01,1.0,1.0
hilbert-rp2-s2-b30,validation,3,160,1,0.044,0.0052,0.02,0.02,0.02,0.02,1.4,1.0
hilbert-rp2-s2-b30,test,3,160,1,0.0545,0.0056,0.02,0.02,0.02,0.02,1.42,1.0
hilbert-rp2-s2-b30,validation,3,400,1,0.107,0.0087,0.05,0.05,0.05,0.05,1.86,1.0
hilbert-rp2-s2-b30,test,3,400,1,0.1215,0.0092,0.05,0.05,0.05,0.05,1.95,1.0
hilbert-rp2-s2-b30,validation,4,1,0,0.007,0.0022,0.00392,0.00387,0.00487,0.00575,1.0,1.0
hilbert-rp2-s2-b30,test,4,1,0,0.013,0.0025,0.00388,0.00387,0.00513,0.00575,1.0,1.0
hilbert-rp2-s2-b30,validation,4,2,0,0.0135,0.0027,0.00778,0.00775,0.00926,0.01,1.44,1.0
hilbert-rp2-s2-b30,test,4,2,0,0.0255,0.0039,0.00778,0.00775,0.00937,0.01087,1.43,1.0
hilbert-rp2-s2-b30,validation,4,4,0,0.0345,0.0046,0.01553,0.01562,0.01762,0.018,1.96,1.0
hilbert-rp2-s2-b30,test,4,4,0,0.043,0.0052,0.01563,0.0155,0.01762,0.01862,1.98,1.0
hilbert-rp2-s2-b30,validation,4,8,0,0.067,0.0063,0.03121,0.03125,0.03375,0.03463,2.65,1.0
hilbert-rp2-s2-b30,test,4,8,0,0.0795,0.0072,0.03131,0.03138,0.03375,0.03425,2.71,1.0
hilbert-rp2-s2-b30,validation,4,16,0,0.132,0.0096,0.06262,0.06263,0.06588,0.0665,3.77,1.0
hilbert-rp2-s2-b30,test,4,16,0,0.1455,0.0101,0.06261,0.06275,0.0655,0.0665,3.93,1.0
hilbert-rp2-s2-b30,validation,4,32,0,0.2495,0.0131,0.1249,0.12512,0.12825,0.13112,5.15,1.0
hilbert-rp2-s2-b30,test,4,32,0,0.268,0.0126,0.12502,0.12531,0.12825,0.12962,5.12,1.0
hilbert-rp2-s2-b30,validation,4,64,0,0.4355,0.0157,0.24967,0.24975,0.25375,0.25538,6.12,1.0
hilbert-rp2-s2-b30,test,4,64,0,0.462,0.0151,0.24954,0.24944,0.25376,0.25762,6.09,1.0
hilbert-rp2-s2-b30,validation,4,40,1,0.0085,0.0023,0.005,0.005,0.005,0.005,1.42,1.0
hilbert-rp2-s2-b30,test,4,40,1,0.0165,0.0032,0.005,0.005,0.005,0.005,1.37,1.0
hilbert-rp2-s2-b30,validation,4,80,1,0.0165,0.0033,0.01,0.01,0.01,0.01,1.88,1.0
hilbert-rp2-s2-b30,test,4,80,1,0.0305,0.0043,0.01,0.01,0.01,0.01,1.86,1.0
hilbert-rp2-s2-b30,validation,4,160,1,0.0465,0.0052,0.02,0.02,0.02,0.02,2.37,1.0
hilbert-rp2-s2-b30,test,4,160,1,0.0525,0.0058,0.02,0.02,0.02,0.02,2.4,1.0
hilbert-rp2-s2-b30,validation,4,400,1,0.107,0.0087,0.05,0.05,0.05,0.05,3.48,1.0
hilbert-rp2-s2-b30,test,4,400,1,0.1195,0.0092,0.05,0.05,0.05,0.05,3.64,1.0
hilbert-rp2-s2-b30,validation,5,1,0,0.003,0.0012,0.00095,0.001,0.00137,0.00187,1.0,1.0
hilbert-rp2-s2-b30,test,5,1,0,0.0035,0.0013,0.00101,0.001,0.00162,0.002,1.0,1.0
hilbert-rp2-s2-b30,validation,5,2,0,0.006,0.0017,0.00191,0.00187,0.00263,0.00325,1.46,1.0
hilbert-rp2-s2-b30,test,5,2,0,0.008,0.002,0.00197,0.002,0.00287,0.00325,1.46,1.0
hilbert-rp2-s2-b30,validation,5,4,0,0.009,0.0024,0.00386,0.00387,0.00488,0.0055,2.12,1.0
hilbert-rp2-s2-b30,test,5,4,0,0.015,0.0028,0.00393,0.00387,0.00526,0.00613,2.08,1.0
hilbert-rp2-s2-b30,validation,5,8,0,0.015,0.0028,0.0078,0.00775,0.00926,0.01025,2.92,1.0
hilbert-rp2-s2-b30,test,5,8,0,0.0255,0.0038,0.00778,0.00775,0.00937,0.01025,2.77,1.0
hilbert-rp2-s2-b30,validation,5,16,0,0.0345,0.0046,0.01543,0.0155,0.01725,0.0195,4.04,1.0
hilbert-rp2-s2-b30,test,5,16,0,0.039,0.0051,0.01556,0.0155,0.01738,0.0185,4.12,1.0
hilbert-rp2-s2-b30,validation,5,32,0,0.072,0.0069,0.03125,0.03125,0.03338,0.03463,5.75,1.0
hilbert-rp2-s2-b30,test,5,32,0,0.072,0.0072,0.03126,0.03125,0.0335,0.0345,5.78,1.0
hilbert-rp2-s2-b30,validation,5,64,0,0.134,0.0098,0.06274,0.06288,0.06525,0.0665,7.43,1.0
hilbert-rp2-s2-b30,test,5,64,0,0.1415,0.0096,0.06244,0.0625,0.06525,0.06625,7.35,1.0
hilbert-rp2-s2-b30,validation,5,40,1,0.012,0.0026,0.005,0.005,0.005,0.005,2.59,1.0
hilbert-rp2-s2-b30,test,5,40,1,0.019,0.0034,0.005,0.005,0.005,0.005,2.48,1.0
hilbert-rp2-s2-b30,validation,5,80,1,0.022,0.0036,0.01,0.01,0.01,0.01,3.5,1.0
hilbert-rp2-s2-b30,test,5,80,1,0.029,0.0045,0.01,0.01,0.01,0.01,3.48,1.0
hilbert-rp2-s2-b30,validation,5,160,1,0.045,0.0053,0.02,0.02,0.02,0.02,4.63,1.0
hilbert-rp2-s2-b30,test,5,160,1,0.0495,0.0058,0.02,0.02,0.02,0.02,4.67,1.0
hilbert-rp2-s2-b30,validation,5,400,1,0.1125,0.0088,0.05,0.05,0.05,0.05,7.01,1.0
hilbert-rp2-s2-b30,test,5,400,1,0.121,0.009,0.05,0.05,0.05,0.05,7.0,1.0
hilbert-rp2-s2-b30,validation,6,1,0,0.001,0.0007,0.00024,0.00025,0.0005,0.00075,1.0,1.0
hilbert-rp2-s2-b30,test,6,1,0,0.0025,0.0011,0.00024,0.00025,0.0005,0.00088,1.0,1.0
hilbert-rp2-s2-b30,validation,6,2,0,0.0015,0.0009,0.00046,0.00038,0.00088,0.00112,1.48,1.0
hilbert-rp2-s2-b30,test,6,2,0,0.0035,0.0013,0.00048,0.0005,0.00088,0.00125,1.51,1.0
hilbert-rp2-s2-b30,validation,6,4,0,0.004,0.0014,0.00091,0.00088,0.0015,0.00187,2.12,1.0
hilbert-rp2-s2-b30,test,6,4,0,0.004,0.0014,0.00098,0.001,0.0015,0.00263,2.12,1.0
hilbert-rp2-s2-b30,validation,6,8,0,0.0055,0.0016,0.00187,0.00187,0.00276,0.00337,2.94,1.0
hilbert-rp2-s2-b30,test,6,8,0,0.007,0.0018,0.00195,0.00187,0.00275,0.00337,2.95,1.0
hilbert-rp2-s2-b30,validation,6,16,0,0.0095,0.0022,0.00391,0.00387,0.00513,0.0065,4.29,1.0
hilbert-rp2-s2-b30,test,6,16,0,0.015,0.003,0.00394,0.00387,0.00501,0.00662,4.3,1.0
hilbert-rp2-s2-b30,validation,6,32,0,0.016,0.0029,0.0078,0.00775,0.00913,0.01038,6.12,1.0
hilbert-rp2-s2-b30,test,6,32,0,0.0275,0.0039,0.00781,0.00775,0.00926,0.01013,6.04,1.0
hilbert-rp2-s2-b30,validation,6,64,0,0.0355,0.0045,0.01547,0.0155,0.01713,0.01937,8.08,1.0
hilbert-rp2-s2-b30,test,6,64,0,0.038,0.005,0.01554,0.0155,0.01713,0.01825,8.16,1.0
hilbert-rp2-s2-b30,validation,6,40,1,0.011,0.0025,0.005,0.005,0.005,0.005,6.54,1.0
hilbert-rp2-s2-b30,test,6,40,1,0.0165,0.0031,0.005,0.005,0.005,0.005,6.3,1.0
hilbert-rp2-s2-b30,validation,6,80,1,0.0215,0.0035,0.01,0.01,0.01,0.01,10.38,1.0
hilbert-rp2-s2-b30,test,6,80,1,0.0315,0.0046,0.01,0.01,0.01,0.01,10.34,1.0
hilbert-rp2-s2-b30,validation,6,160,1,0.042,0.005,0.02,0.02,0.02,0.02,17.55,1.0
hilbert-rp2-s2-b30,test,6,160,1,0.0485,0.0061,0.02,0.02,0.02,0.02,17.52,1.0
hilbert-rp2-s2-b30,validation,6,400,1,0.113,0.0089,0.05,0.05,0.05,0.05,36.09,1.0
hilbert-rp2-s2-b30,test,6,400,1,0.121,0.0089,0.05,0.05,0.05,0.05,36.48,1.0
hilbert-rp2-s2-b30,validation,7,1,0,0.0005,0.0005,6e-05,0.0,0.00025,0.00038,1.0,1.0
hilbert-rp2-s2-b30,test,7,1,0,0.002,0.001,7e-05,0.0,0.00025,0.0005,1.0,1.0
hilbert-rp2-s2-b30,validation,7,2,0,0.0005,0.0005,0.00013,0.00013,0.00038,0.00063,1.54,1.0
hilbert-rp2-s2-b30,test,7,2,0,0.002,0.001,0.00013,0.00013,0.00038,0.0005,1.48,1.0
hilbert-rp2-s2-b30,validation,7,4,0,0.001,0.0007,0.00023,0.00025,0.00051,0.00075,2.12,1.0
hilbert-rp2-s2-b30,test,7,4,0,0.0025,0.0011,0.00025,0.00025,0.0005,0.00088,2.12,1.0
hilbert-rp2-s2-b30,validation,7,8,0,0.002,0.001,0.00046,0.00038,0.00088,0.00112,3.03,1.0
hilbert-rp2-s2-b30,test,7,8,0,0.0035,0.0013,0.00049,0.0005,0.00088,0.00162,2.95,1.0
hilbert-rp2-s2-b30,validation,7,16,0,0.004,0.0014,0.00092,0.00088,0.0015,0.00187,4.4,1.0
hilbert-rp2-s2-b30,test,7,16,0,0.005,0.0015,0.00097,0.001,0.0015,0.00237,4.46,1.0
hilbert-rp2-s2-b30,validation,7,32,0,0.006,0.0017,0.00191,0.00194,0.00263,0.00325,6.2,1.0
hilbert-rp2-s2-b30,test,7,32,0,0.0075,0.002,0.00195,0.002,0.00276,0.00325,6.2,1.0
hilbert-rp2-s2-b30,validation,7,64,0,0.0095,0.0024,0.00389,0.00387,0.005,0.00575,8.61,1.0
hilbert-rp2-s2-b30,test,7,64,0,0.015,0.0029,0.00395,0.00387,0.00525,0.00662,8.49,1.0
hilbert-rp2-s2-b30,validation,7,40,1,0.011,0.0025,0.005,0.005,0.005,0.005,21.0,1.0
hilbert-rp2-s2-b30,test,7,40,1,0.018,0.0032,0.005,0.005,0.005,0.005,21.03,1.0
hilbert-rp2-s2-b30,validation,7,80,1,0.021,0.0035,0.01,0.01,0.01,0.01,41.09,1.0
hilbert-rp2-s2-b30,test,7,80,1,0.032,0.0046,0.01,0.01,0.01,0.01,40.88,1.0
hilbert-rp2-s2-b30,validation,7,160,1,0.0425,0.005,0.02,0.02,0.02,0.02,80.63,1.0
hilbert-rp2-s2-b30,test,7,160,1,0.0485,0.0061,0.02,0.02,0.02,0.02,80.03,1.0
hilbert-rp2-s2-b30,validation,7,400,1,0.114,0.0089,0.05,0.05,0.05,0.05,197.54,1.0
hilbert-rp2-s2-b30,test,7,400,1,0.1195,0.009,0.05,0.05,0.05,0.05,197.91,1.0
hilbert-rp2-s2-b30,validation,8,1,0,0.0005,0.0005,2e-05,0.0,0.00013,0.00013,1.0,1.0
hilbert-rp2-s2-b30,test,8,1,0,0.0015,0.0009,2e-05,0.0,0.00013,0.00025,1.0,1.0
hilbert-rp2-s2-b30,validation,8,2,0,0.0005,0.0005,3e-05,0.0,0.00013,0.00025,1.52,1.0
hilbert-rp2-s2-b30,test,8,2,0,0.0015,0.0009,3e-05,0.0,0.00013,0.00038,1.54,1.0
hilbert-rp2-s2-b30,validation,8,4,0,0.0005,0.0005,7e-05,0.0,0.00025,0.00038,2.15,1.0
hilbert-rp2-s2-b30,test,8,4,0,0.0015,0.0009,6e-05,0.0,0.00025,0.0005,2.2,1.0
hilbert-rp2-s2-b30,validation,8,8,0,0.0005,0.0005,0.00013,0.00013,0.00038,0.00038,3.0,1.0
hilbert-rp2-s2-b30,test,8,8,0,0.002,0.001,0.00012,0.00013,0.00038,0.0005,3.02,1.0
hilbert-rp2-s2-b30,validation,8,16,0,0.001,0.0007,0.00023,0.00025,0.0005,0.00075,4.42,1.0
hilbert-rp2-s2-b30,test,8,16,0,0.002,0.001,0.00026,0.00025,0.00063,0.00088,4.45,1.0
hilbert-rp2-s2-b30,validation,8,32,0,0.002,0.001,0.00045,0.00038,0.00088,0.00112,6.28,1.0
hilbert-rp2-s2-b30,test,8,32,0,0.0035,0.0013,0.00049,0.0005,0.00088,0.00162,6.38,1.0
hilbert-rp2-s2-b30,validation,8,64,0,0.003,0.0012,0.00092,0.00088,0.0015,0.00175,8.78,1.0
hilbert-rp2-s2-b30,test,8,64,0,0.005,0.0015,0.00097,0.001,0.0015,0.0025,8.96,1.0
hilbert-rp2-s2-b30,validation,8,40,1,0.011,0.0025,0.005,0.005,0.005,0.005,33.8,1.0
hilbert-rp2-s2-b30,test,8,40,1,0.019,0.0033,0.005,0.005,0.005,0.005,33.74,1.0
hilbert-rp2-s2-b30,validation,8,80,1,0.022,0.0036,0.01,0.01,0.01,0.01,67.28,1.0
hilbert-rp2-s2-b30,test,8,80,1,0.033,0.0046,0.01,0.01,0.01,0.01,67.19,1.0
hilbert-rp2-s2-b30,validation,8,160,1,0.043,0.0051,0.02,0.02,0.02,0.02,133.69,1.0
hilbert-rp2-s2-b30,test,8,160,1,0.049,0.0061,0.02,0.02,0.02,0.02,133.9,1.0
hilbert-rp2-s2-b30,validation,8,400,1,0.114,0.0088,0.05,0.05,0.05,0.05,333.52,1.0
hilbert-rp2-s2-b30,test,8,400,1,0.1185,0.009,0.05,0.05,0.05,0.05,333.87,1.0
hilbert-rp2-s2-b30,validation,10,1,0,0.0005,0.0005,0.0,0.0,0.0,0.00013,1.0,1.0
hilbert-rp2-s2-b30,test,10,1,0,0.0015,0.0009,0.0,0.0,0.0,0.00013,1.0,1.0
hilbert-rp2-s2-b30,validation,10,2,0,0.0005,0.0005,0.0,0.0,0.0,0.00013,1.47,1.0
hilbert-rp2-s2-b30,test,10,2,0,0.0015,0.0009,1e-05,0.0,1e-05,0.00025,1.44,1.0
hilbert-rp2-s2-b30,validation,10,4,0,0.0005,0.0005,1e-05,0.0,0.0,0.00013,2.29,1.0
hilbert-rp2-s2-b30,test,10,4,0,0.0015,0.0009,1e-05,0.0,0.00013,0.00025,2.1,1.0
hilbert-rp2-s2-b30,validation,10,8,0,0.0005,0.0005,1e-05,0.0,0.00013,0.00013,3.0,1.0
hilbert-rp2-s2-b30,test,10,8,0,0.0015,0.0009,1e-05,0.0,0.00013,0.00025,3.0,1.0
hilbert-rp2-s2-b30,validation,10,16,0,0.0005,0.0005,2e-05,0.0,0.00013,0.00013,4.33,1.0
hilbert-rp2-s2-b30,test,10,16,0,0.0015,0.0009,2e-05,0.0,0.00013,0.00025,4.46,1.0
hilbert-rp2-s2-b30,validation,10,32,0,0.0005,0.0005,4e-05,0.0,0.00013,0.00025,6.47,1.0
hilbert-rp2-s2-b30,test,10,32,0,0.0015,0.0009,3e-05,0.0,0.00013,0.00038,6.16,1.0
hilbert-rp2-s2-b30,validation,10,64,0,0.0005,0.0005,6e-05,0.0,0.00025,0.00038,8.98,1.0
hilbert-rp2-s2-b30,test,10,64,0,0.0015,0.0009,7e-05,0.0,0.00025,0.0005,8.87,1.0
hilbert-rp2-s2-b30,validation,10,40,1,0.009,0.0021,0.00388,0.00381,0.005,0.005,30.72,0.07
hilbert-rp2-s2-b30,test,10,40,1,0.0145,0.0028,0.00392,0.00387,0.005,0.005,30.96,0.065
hilbert-rp2-s2-b30,validation,10,80,1,0.009,0.0021,0.00389,0.00381,0.005,0.00588,30.82,0.0
hilbert-rp2-s2-b30,test,10,80,1,0.015,0.0029,0.00396,0.00387,0.00525,0.0065,31.22,0.0
hilbert-rp2-s2-b30,validation,10,160,1,0.009,0.0021,0.00389,0.00381,0.005,0.00588,30.82,0.0
hilbert-rp2-s2-b30,test,10,160,1,0.015,0.0029,0.00396,0.00387,0.00525,0.0065,31.22,0.0
hilbert-rp2-s2-b30,validation,10,400,1,0.009,0.0021,0.00389,0.00381,0.005,0.00588,30.82,0.0
hilbert-rp2-s2-b30,test,10,400,1,0.015,0.0029,0.00396,0.00387,0.00525,0.0065,31.22,0.0
hilbert-rp2-s3-b30,validation,2,1,0,0.1295,0.0113,0.0625,0.06275,0.07312,0.07312,1.0,1.0
hilbert-rp2-s3-b30,test,2,1,0,0.164,0.0128,0.06248,0.06275,0.07312,0.07312,1.0,1.0
hilbert-rp2-s3-b30,validation,2,2,0,0.2465,0.0141,0.12511,0.12675,0.13775,0.13775,1.36,1.0
hilbert-rp2-s3-b30,test,2,2,0,0.2805,0.0154,0.12451,0.12325,0.13324,0.13775,1.36,1.0
hilbert-rp2-s3-b30,validation,2,4,0,0.4225,0.0166,0.2512,0.25275,0.26112,0.263,1.65,1.0
hilbert-rp2-s3-b30,test,2,4,0,0.4625,0.0177,0.25039,0.251,0.26112,0.263,1.59,1.0
hilbert-rp2-s3-b30,validation,2,8,0,0.6905,0.0158,0.50163,0.50013,0.51062,0.51387,2.13,1.0
hilbert-rp2-s3-b30,test,2,8,0,0.7355,0.0147,0.50157,0.5025,0.51062,0.51387,2.19,1.0
hilbert-rp2-s3-b30,validation,2,16,0,1.0,0.0,1.0,1.0,1.0,1.0,1.0,1.0
hilbert-rp2-s3-b30,test,2,16,0,1.0,0.0,1.0,1.0,1.0,1.0,1.0,1.0
hilbert-rp2-s3-b30,validation,2,32,0,1.0,0.0,1.0,1.0,1.0,1.0,1.0,1.0
hilbert-rp2-s3-b30,test,2,32,0,1.0,0.0,1.0,1.0,1.0,1.0,1.0,1.0
hilbert-rp2-s3-b30,validation,2,64,0,1.0,0.0,1.0,1.0,1.0,1.0,1.0,1.0
hilbert-rp2-s3-b30,test,2,64,0,1.0,0.0,1.0,1.0,1.0,1.0,1.0,1.0
hilbert-rp2-s3-b30,validation,2,40,1,0.009,0.002,0.005,0.005,0.005,0.005,1.0,1.0
hilbert-rp2-s3-b30,test,2,40,1,0.0145,0.0026,0.005,0.005,0.005,0.005,1.0,1.0
hilbert-rp2-s3-b30,validation,2,80,1,0.0215,0.0033,0.01,0.01,0.01,0.01,1.0,1.0
hilbert-rp2-s3-b30,test,2,80,1,0.03,0.0039,0.01,0.01,0.01,0.01,1.0,1.0
hilbert-rp2-s3-b30,validation,2,160,1,0.0355,0.0045,0.02,0.02,0.02,0.02,1.0,1.0
hilbert-rp2-s3-b30,test,2,160,1,0.0525,0.0057,0.02,0.02,0.02,0.02,1.0,1.0
hilbert-rp2-s3-b30,validation,2,400,1,0.0965,0.0087,0.05,0.05,0.05,0.05,1.0,1.0
hilbert-rp2-s3-b30,test,2,400,1,0.1405,0.0115,0.05,0.05,0.05,0.05,1.0,1.0
hilbert-rp2-s3-b30,validation,3,1,0,0.0385,0.0055,0.01562,0.0155,0.01763,0.02262,1.0,1.0
hilbert-rp2-s3-b30,test,3,1,0,0.0455,0.0069,0.01574,0.01575,0.01775,0.02262,1.0,1.0
hilbert-rp2-s3-b30,validation,3,2,0,0.073,0.0077,0.03127,0.03125,0.03475,0.04038,1.41,1.0
hilbert-rp2-s3-b30,test,3,2,0,0.091,0.01,0.0314,0.03125,0.03463,0.04038,1.46,1.0
hilbert-rp2-s3-b30,validation,3,4,0,0.1315,0.0101,0.06239,0.06275,0.06763,0.07312,1.9,1.0
hilbert-rp2-s3-b30,test,3,4,0,0.163,0.0128,0.0625,0.06288,0.06875,0.07312,1.87,1.0
hilbert-rp2-s3-b30,validation,3,8,0,0.2465,0.0137,0.12483,0.12525,0.13301,0.13775,2.58,1.0
hilbert-rp2-s3-b30,test,3,8,0,0.286,0.015,0.12486,0.12587,0.13301,0.13775,2.56,1.0
hilbert-rp2-s3-b30,validation,3,16,0,0.4355,0.0168,0.25086,0.252,0.26115,0.26375,3.21,1.0
hilbert-rp2-s3-b30,test,3,16,0,0.4765,0.0175,0.25019,0.24931,0.26188,0.26375,3.18,1.0
hilbert-rp2-s3-b30,validation,3,32,0,0.714,0.015,0.50228,0.50362,0.51075,0.51375,4.23,1.0
hilbert-rp2-s3-b30,test,3,32,0,0.7535,0.0143,0.50196,0.50256,0.51001,0.51375,4.17,1.0
hilbert-rp2-s3-b30,validation,3,64,0,1.0,0.0,1.0,1.0,1.0,1.0,1.0,1.0
hilbert-rp2-s3-b30,test,3,64,0,1.0,0.0,1.0,1.0,1.0,1.0,1.0,1.0
hilbert-rp2-s3-b30,validation,3,40,1,0.0095,0.0022,0.005,0.005,0.005,0.005,1.0,1.0
hilbert-rp2-s3-b30,test,3,40,1,0.0095,0.0022,0.005,0.005,0.005,0.005,1.0,1.0
hilbert-rp2-s3-b30,validation,3,80,1,0.021,0.0031,0.01,0.01,0.01,0.01,1.0,1.0
hilbert-rp2-s3-b30,test,3,80,1,0.032,0.0051,0.01,0.01,0.01,0.01,1.0,1.0
hilbert-rp2-s3-b30,validation,3,160,1,0.0485,0.006,0.02,0.02,0.02,0.02,1.41,1.0
hilbert-rp2-s3-b30,test,3,160,1,0.054,0.007,0.02,0.02,0.02,0.02,1.46,1.0
hilbert-rp2-s3-b30,validation,3,400,1,0.1035,0.0091,0.05,0.05,0.05,0.05,1.86,1.0
hilbert-rp2-s3-b30,test,3,400,1,0.1355,0.0118,0.05,0.05,0.05,0.05,1.88,1.0
hilbert-rp2-s3-b30,validation,4,1,0,0.012,0.0033,0.00393,0.004,0.005,0.00662,1.0,1.0
hilbert-rp2-s3-b30,test,4,1,0,0.012,0.0027,0.00397,0.004,0.00513,0.00662,1.0,1.0
hilbert-rp2-s3-b30,validation,4,2,0,0.0185,0.0042,0.00779,0.00788,0.00937,0.01225,1.46,1.0
hilbert-rp2-s3-b30,test,4,2,0,0.0225,0.0049,0.00787,0.00794,0.00937,0.01188,1.49,1.0
hilbert-rp2-s3-b30,validation,4,4,0,0.036,0.0054,0.01558,0.01562,0.018,0.02262,2.04,1.0
hilbert-rp2-s3-b30,test,4,4,0,0.0405,0.0071,0.01561,0.0155,0.01801,0.02262,2.12,1.0
hilbert-rp2-s3-b30,validation,4,8,0,0.066,0.0066,0.03117,0.03112,0.03501,0.03975,2.83,1.0
hilbert-rp2-s3-b30,test,4,8,0,0.0825,0.0094,0.03125,0.03125,0.03501,0.04038,2.81,1.0
hilbert-rp2-s3-b30,validation,4,16,0,0.132,0.0102,0.06236,0.06219,0.06875,0.07312,3.85,1.0
hilbert-rp2-s3-b30,test,4,16,0,0.163,0.0126,0.06251,0.06275,0.06851,0.07312,3.79,1.0
hilbert-rp2-s3-b30,validation,4,32,0,0.249,0.0134,0.1252,0.12512,0.13363,0.13762,5.32,1.0
hilbert-rp2-s3-b30,test,4,32,0,0.287,0.0147,0.12502,0.12475,0.13363,0.138,5.32,1.0
hilbert-rp2-s3-b30,validation,4,64,0,0.443,0.0165,0.25107,0.25219,0.26188,0.26512,6.41,1.0
hilbert-rp2-s3-b30,test,4,64,0,0.476,0.0174,0.25036,0.24963,0.26288,0.26538,6.33,1.0
hilbert-rp2-s3-b30,validation,4,40,1,0.0115,0.0025,0.005,0.005,0.005,0.005,1.41,1.0
hilbert-rp2-s3-b30,test,4,40,1,0.0135,0.0028,0.005,0.005,0.005,0.005,1.45,1.0
hilbert-rp2-s3-b30,validation,4,80,1,0.0225,0.0044,0.01,0.01,0.01,0.01,1.9,1.0
hilbert-rp2-s3-b30,test,4,80,1,0.0235,0.0046,0.01,0.01,0.01,0.01,1.95,1.0
hilbert-rp2-s3-b30,validation,4,160,1,0.043,0.0057,0.02,0.02,0.02,0.02,2.4,1.0
hilbert-rp2-s3-b30,test,4,160,1,0.0545,0.0079,0.02,0.02,0.02,0.02,2.58,1.0
hilbert-rp2-s3-b30,validation,4,400,1,0.108,0.0089,0.05,0.05,0.05,0.05,3.67,1.0
hilbert-rp2-s3-b30,test,4,400,1,0.1345,0.0116,0.05,0.05,0.05,0.05,3.63,1.0
hilbert-rp2-s3-b30,validation,5,1,0,0.0045,0.0019,0.00099,0.001,0.00162,0.002,1.0,1.0
hilbert-rp2-s3-b30,test,5,1,0,0.005,0.0017,0.00099,0.001,0.0015,0.002,1.0,1.0
hilbert-rp2-s3-b30,validation,5,2,0,0.005,0.0023,0.00195,0.00187,0.00275,0.00337,1.46,1.0
hilbert-rp2-s3-b30,test,5,2,0,0.0075,0.002,0.00193,0.00187,0.00263,0.0035,1.5,1.0
hilbert-rp2-s3-b30,validation,5,4,0,0.009,0.003,0.0039,0.00387,0.00525,0.0065,2.14,1.0
hilbert-rp2-s3-b30,test,5,4,0,0.012,0.0026,0.00385,0.00387,0.00488,0.00662,2.13,1.0
hilbert-rp2-s3-b30,validation,5,8,0,0.0165,0.0039,0.00782,0.00762,0.00939,0.01238,2.98,1.0
hilbert-rp2-s3-b30,test,5,8,0,0.0235,0.0044,0.00781,0.00781,0.00925,0.0125,2.96,1.0
hilbert-rp2-s3-b30,validation,5,16,0,0.034,0.0053,0.01562,0.0155,0.01813,0.02175,4.27,1.0
hilbert-rp2-s3-b30,test,5,16,0,0.041,0.0065,0.0157,0.01562,0.01826,0.02262,4.28,1.0
hilbert-rp2-s3-b30,validation,5,32,0,0.0665,0.0069,0.03115,0.03125,0.03502,0.03988,5.83,1.0
hilbert-rp2-s3-b30,test,5,32,0,0.086,0.0095,0.0313,0.03112,0.03525,0.03913,5.8,1.0
hilbert-rp2-s3-b30,validation,5,64,0,0.131,0.0104,0.06241,0.06275,0.06838,0.07275,7.77,1.0
hilbert-rp2-s3-b30,test,5,64,0,0.1635,0.0124,0.06255,0.06313,0.06851,0.07312,7.86,1.0
hilbert-rp2-s3-b30,validation,5,40,1,0.013,0.0033,0.005,0.005,0.005,0.005,2.58,1.0
hilbert-rp2-s3-b30,test,5,40,1,0.015,0.003,0.005,0.005,0.005,0.005,2.65,1.0
hilbert-rp2-s3-b30,validation,5,80,1,0.0215,0.0043,0.01,0.01,0.01,0.01,3.55,1.0
hilbert-rp2-s3-b30,test,5,80,1,0.029,0.0047,0.01,0.01,0.01,0.01,3.56,1.0
hilbert-rp2-s3-b30,validation,5,160,1,0.04,0.0055,0.02,0.02,0.02,0.02,4.81,1.0
hilbert-rp2-s3-b30,test,5,160,1,0.053,0.0075,0.02,0.02,0.02,0.02,4.88,1.0
hilbert-rp2-s3-b30,validation,5,400,1,0.111,0.009,0.05,0.05,0.05,0.05,7.04,1.0
hilbert-rp2-s3-b30,test,5,400,1,0.135,0.0116,0.05,0.05,0.05,0.05,7.33,1.0
hilbert-rp2-s3-b30,validation,6,1,0,0.0015,0.0009,0.00023,0.00025,0.0005,0.00088,1.0,1.0
hilbert-rp2-s3-b30,test,6,1,0,0.002,0.001,0.00025,0.00025,0.00063,0.00088,1.0,1.0
hilbert-rp2-s3-b30,validation,6,2,0,0.0025,0.0011,0.00047,0.0005,0.001,0.00125,1.46,1.0
hilbert-rp2-s3-b30,test,6,2,0,0.0025,0.0011,0.00048,0.0005,0.00088,0.00125,1.46,1.0
hilbert-rp2-s3-b30,validation,6,4,0,0.0045,0.0019,0.00094,0.00088,0.00162,0.002,2.02,1.0
hilbert-rp2-s3-b30,test,6,4,0,0.003,0.0012,0.00097,0.00088,0.00162,0.00213,2.13,1.0
hilbert-rp2-s3-b30,validation,6,8,0,0.0065,0.0025,0.00189,0.00187,0.00275,0.00325,2.92,1.0
hilbert-rp2-s3-b30,test,6,8,0,0.007,0.0019,0.00194,0.00187,0.00275,0.00325,3.03,1.0
hilbert-rp2-s3-b30,validation,6,16,0,0.0085,0.003,0.00389,0.00387,0.005,0.00662,4.42,1.0
hilbert-rp2-s3-b30,test,6,16,0,0.014,0.0029,0.00385,0.00387,0.00487,0.00662,4.24,1.0
hilbert-rp2-s3-b30,validation,6,32,0,0.0185,0.0041,0.00785,0.00775,0.00975,0.0115,6.16,1.0
hilbert-rp2-s3-b30,test,6,32,0,0.024,0.0043,0.0078,0.00775,0.00926,0.01287,6.05,1.0
hilbert-rp2-s3-b30,validation,6,64,0,0.035,0.0055,0.01562,0.0155,0.01812,0.02225,8.24,1.0
hilbert-rp2-s3-b30,test,6,64,0,0.0435,0.0066,0.0157,0.01575,0.01801,0.02262,8.29,1.0
hilbert-rp2-s3-b30,validation,6,40,1,0.0115,0.0033,0.005,0.005,0.005,0.005,6.35,1.0
hilbert-rp2-s3-b30,test,6,40,1,0.016,0.0029,0.005,0.005,0.005,0.005,6.45,1.0
hilbert-rp2-s3-b30,validation,6,80,1,0.0215,0.0043,0.01,0.01,0.01,0.01,9.93,1.0
hilbert-rp2-s3-b30,test,6,80,1,0.029,0.0046,0.01,0.01,0.01,0.01,10.27,1.0
hilbert-rp2-s3-b30,validation,6,160,1,0.041,0.0057,0.02,0.02,0.02,0.02,17.11,1.0
hilbert-rp2-s3-b30,test,6,160,1,0.0575,0.0078,0.02,0.02,0.02,0.02,17.17,1.0
hilbert-rp2-s3-b30,validation,6,400,1,0.1065,0.0086,0.05,0.05,0.05,0.05,35.65,1.0
hilbert-rp2-s3-b30,test,6,400,1,0.137,0.0114,0.05,0.05,0.05,0.05,35.26,1.0
hilbert-rp2-s3-b30,validation,7,1,0,0.0005,0.0005,7e-05,0.0,0.00025,0.00038,1.0,1.0
hilbert-rp2-s3-b30,test,7,1,0,0.0015,0.0009,7e-05,0.0,0.00025,0.0005,1.0,1.0
hilbert-rp2-s3-b30,validation,7,2,0,0.0005,0.0005,0.00012,0.00013,0.00038,0.0005,1.49,1.0
hilbert-rp2-s3-b30,test,7,2,0,0.002,0.001,0.00013,0.00013,0.00038,0.0005,1.54,1.0
hilbert-rp2-s3-b30,validation,7,4,0,0.001,0.0007,0.00024,0.00025,0.0005,0.001,2.15,1.0
hilbert-rp2-s3-b30,test,7,4,0,0.002,0.001,0.00025,0.00025,0.00063,0.00075,2.21,1.0
hilbert-rp2-s3-b30,validation,7,8,0,0.0025,0.0013,0.00046,0.0005,0.00088,0.00125,2.96,1.0
hilbert-rp2-s3-b30,test,7,8,0,0.002,0.001,0.0005,0.0005,0.001,0.00125,3.03,1.0
hilbert-rp2-s3-b30,validation,7,16,0,0.0045,0.0019,0.00094,0.00088,0.0015,0.002,4.49,1.0
hilbert-rp2-s3-b30,test,7,16,0,0.003,0.0012,0.00096,0.00088,0.00162,0.00187,4.45,1.0
hilbert-rp2-s3-b30,validation,7,32,0,0.0055,0.002,0.00189,0.00187,0.00275,0.00313,6.21,1.0
hilbert-rp2-s3-b30,test,7,32,0,0.0065,0.0019,0.00193,0.00187,0.00287,0.00325,6.37,1.0
hilbert-rp2-s3-b30,validation,7,64,0,0.009,0.0031,0.00387,0.00375,0.00513,0.00637,8.95,1.0
hilbert-rp2-s3-b30,test,7,64,0,0.013,0.0029,0.00386,0.00375,0.00487,0.00662,8.55,1.0
hilbert-rp2-s3-b30,validation,7,40,1,0.0105,0.0029,0.005,0.005,0.005,0.005,21.52,1.0
hilbert-rp2-s3-b30,test,7,40,1,0.0165,0.0031,0.005,0.005,0.005,0.005,21.61,1.0
hilbert-rp2-s3-b30,validation,7,80,1,0.0215,0.0045,0.01,0.01,0.01,0.01,41.53,1.0
hilbert-rp2-s3-b30,test,7,80,1,0.0305,0.0049,0.01,0.01,0.01,0.01,41.84,1.0
hilbert-rp2-s3-b30,validation,7,160,1,0.042,0.0057,0.02,0.02,0.02,0.02,81.75,1.0
hilbert-rp2-s3-b30,test,7,160,1,0.055,0.0073,0.02,0.02,0.02,0.02,81.48,1.0
hilbert-rp2-s3-b30,validation,7,400,1,0.1065,0.0085,0.05,0.05,0.05,0.05,201.74,1.0
hilbert-rp2-s3-b30,test,7,400,1,0.135,0.0114,0.05,0.05,0.05,0.05,201.23,1.0
hilbert-rp2-s3-b30,validation,8,1,0,0.0005,0.0005,2e-05,0.0,0.00013,0.00025,1.0,1.0
hilbert-rp2-s3-b30,test,8,1,0,0.0015,0.0009,2e-05,0.0,0.00013,0.00025,1.0,1.0
hilbert-rp2-s3-b30,validation,8,2,0,0.0005,0.0005,3e-05,0.0,0.00013,0.00038,1.47,1.0
hilbert-rp2-s3-b30,test,8,2,0,0.0015,0.0009,3e-05,0.0,0.00013,0.00025,1.53,1.0
hilbert-rp2-s3-b30,validation,8,4,0,0.0005,0.0005,6e-05,0.0,0.00025,0.0005,2.11,1.0
hilbert-rp2-s3-b30,test,8,4,0,0.0015,0.0009,7e-05,0.0,0.00025,0.0005,2.13,1.0
hilbert-rp2-s3-b30,validation,8,8,0,0.0005,0.0005,0.00013,0.00013,0.00038,0.0005,2.98,1.0
hilbert-rp2-s3-b30,test,8,8,0,0.0015,0.0009,0.00014,0.00013,0.00038,0.0005,3.01,1.0
hilbert-rp2-s3-b30,validation,8,16,0,0.001,0.0007,0.00024,0.00025,0.0005,0.00075,4.47,1.0
hilbert-rp2-s3-b30,test,8,16,0,0.002,0.001,0.00027,0.00025,0.00063,0.001,4.58,1.0
hilbert-rp2-s3-b30,validation,8,32,0,0.002,0.0012,0.00047,0.00044,0.00088,0.00125,6.17,1.0
hilbert-rp2-s3-b30,test,8,32,0,0.002,0.001,0.00051,0.0005,0.00088,0.00137,6.33,1.0
hilbert-rp2-s3-b30,validation,8,64,0,0.004,0.0019,0.00094,0.00094,0.00162,0.002,9.08,1.0
hilbert-rp2-s3-b30,test,8,64,0,0.0025,0.0011,0.00097,0.001,0.00162,0.00187,9.01,1.0
hilbert-rp2-s3-b30,validation,8,40,1,0.011,0.0029,0.005,0.005,0.005,0.005,33.97,1.0
hilbert-rp2-s3-b30,test,8,40,1,0.0145,0.003,0.005,0.005,0.005,0.005,34.05,1.0
hilbert-rp2-s3-b30,validation,8,80,1,0.021,0.0045,0.01,0.01,0.01,0.01,68.0,1.0
hilbert-rp2-s3-b30,test,8,80,1,0.03,0.0047,0.01,0.01,0.01,0.01,67.88,1.0
hilbert-rp2-s3-b30,validation,8,160,1,0.0415,0.0057,0.02,0.02,0.02,0.02,135.07,1.0
hilbert-rp2-s3-b30,test,8,160,1,0.057,0.0075,0.02,0.02,0.02,0.02,135.21,1.0
hilbert-rp2-s3-b30,validation,8,400,1,0.1055,0.0085,0.05,0.05,0.05,0.05,337.44,1.0
hilbert-rp2-s3-b30,test,8,400,1,0.1345,0.0115,0.05,0.05,0.05,0.05,337.38,1.0
hilbert-rp2-s3-b30,validation,10,1,0,0.0005,0.0005,0.0,0.0,0.0,0.00013,1.0,1.0
hilbert-rp2-s3-b30,test,10,1,0,0.0015,0.0009,0.0,0.0,0.0,0.00013,1.0,1.0
hilbert-rp2-s3-b30,validation,10,2,0,0.0005,0.0005,0.0,0.0,0.0,0.00013,1.48,1.0
hilbert-rp2-s3-b30,test,10,2,0,0.0015,0.0009,1e-05,0.0,0.0,0.00013,1.53,1.0
hilbert-rp2-s3-b30,validation,10,4,0,0.0005,0.0005,1e-05,0.0,0.0,0.00025,2.12,1.0
hilbert-rp2-s3-b30,test,10,4,0,0.0015,0.0009,1e-05,0.0,0.00013,0.00025,2.17,1.0
hilbert-rp2-s3-b30,validation,10,8,0,0.0005,0.0005,1e-05,0.0,0.00013,0.00038,2.93,1.0
hilbert-rp2-s3-b30,test,10,8,0,0.0015,0.0009,1e-05,0.0,0.00013,0.00038,2.99,1.0
hilbert-rp2-s3-b30,validation,10,16,0,0.0005,0.0005,2e-05,0.0,0.00013,0.00038,4.7,1.0
hilbert-rp2-s3-b30,test,10,16,0,0.0015,0.0009,2e-05,0.0,0.00013,0.00038,4.44,1.0
hilbert-rp2-s3-b30,validation,10,32,0,0.0005,0.0005,3e-05,0.0,0.00013,0.00038,6.36,1.0
hilbert-rp2-s3-b30,test,10,32,0,0.0015,0.0009,4e-05,0.0,0.00013,0.00038,6.41,1.0
hilbert-rp2-s3-b30,validation,10,64,0,0.0005,0.0005,6e-05,0.0,0.00025,0.0005,9.12,1.0
hilbert-rp2-s3-b30,test,10,64,0,0.0015,0.0009,7e-05,0.0,0.00025,0.00038,8.92,1.0
hilbert-rp2-s3-b30,validation,10,40,1,0.01,0.0028,0.00388,0.00387,0.005,0.005,30.66,0.08
hilbert-rp2-s3-b30,test,10,40,1,0.013,0.0029,0.00386,0.00387,0.00476,0.005,30.55,0.04
hilbert-rp2-s3-b30,validation,10,80,1,0.0105,0.0032,0.0039,0.00387,0.00501,0.0065,30.87,0.0
hilbert-rp2-s3-b30,test,10,80,1,0.013,0.0029,0.00388,0.00387,0.00476,0.00662,30.69,0.0
hilbert-rp2-s3-b30,validation,10,160,1,0.0105,0.0032,0.0039,0.00387,0.00501,0.0065,30.87,0.0
hilbert-rp2-s3-b30,test,10,160,1,0.013,0.0029,0.00388,0.00387,0.00476,0.00662,30.69,0.0
hilbert-rp2-s3-b30,validation,10,400,1,0.0105,0.0032,0.0039,0.00387,0.00501,0.0065,30.87,0.0
hilbert-rp2-s3-b30,test,10,400,1,0.013,0.0029,0.00388,0.00387,0.00476,0.00662,30.69,0.0
hilbert-rp2-s4-b30,validation,2,1,0,0.122,0.0089,0.06243,0.06275,0.06938,0.07462,1.0,1.0
hilbert-rp2-s4-b30,test,2,1,0,0.138,0.0097,0.06335,0.06275,0.07462,0.07462,1.0,1.0
hilbert-rp2-s4-b30,validation,2,2,0,0.247,0.0135,0.12556,0.12525,0.1385,0.1385,1.29,1.0
hilbert-rp2-s4-b30,test,2,2,0,0.2545,0.014,0.12576,0.12525,0.1385,0.1385,1.35,1.0
hilbert-rp2-s4-b30,validation,2,4,0,0.4445,0.0161,0.25071,0.25062,0.26375,0.26512,1.54,1.0
hilbert-rp2-s4-b30,test,2,4,0,0.421,0.0172,0.25047,0.25062,0.26375,0.26512,1.62,1.0
hilbert-rp2-s4-b30,validation,2,8,0,0.7125,0.0156,0.50088,0.5025,0.51175,0.512,2.08,1.0
hilbert-rp2-s4-b30,test,2,8,0,0.7,0.0157,0.5005,0.50019,0.51175,0.512,2.21,1.0
hilbert-rp2-s4-b30,validation,2,16,0,1.0,0.0,1.0,1.0,1.0,1.0,1.0,1.0
hilbert-rp2-s4-b30,test,2,16,0,1.0,0.0,1.0,1.0,1.0,1.0,1.0,1.0
hilbert-rp2-s4-b30,validation,2,32,0,1.0,0.0,1.0,1.0,1.0,1.0,1.0,1.0
hilbert-rp2-s4-b30,test,2,32,0,1.0,0.0,1.0,1.0,1.0,1.0,1.0,1.0
hilbert-rp2-s4-b30,validation,2,64,0,1.0,0.0,1.0,1.0,1.0,1.0,1.0,1.0
hilbert-rp2-s4-b30,test,2,64,0,1.0,0.0,1.0,1.0,1.0,1.0,1.0,1.0
hilbert-rp2-s4-b30,validation,2,40,1,0.0105,0.0023,0.005,0.005,0.005,0.005,1.0,1.0
hilbert-rp2-s4-b30,test,2,40,1,0.0125,0.0024,0.005,0.005,0.005,0.005,1.0,1.0
hilbert-rp2-s4-b30,validation,2,80,1,0.0235,0.0038,0.01,0.01,0.01,0.01,1.0,1.0
hilbert-rp2-s4-b30,test,2,80,1,0.0225,0.0034,0.01,0.01,0.01,0.01,1.0,1.0
hilbert-rp2-s4-b30,validation,2,160,1,0.043,0.0056,0.02,0.02,0.02,0.02,1.0,1.0
hilbert-rp2-s4-b30,test,2,160,1,0.0425,0.0047,0.02,0.02,0.02,0.02,1.0,1.0
hilbert-rp2-s4-b30,validation,2,400,1,0.1035,0.0085,0.05,0.05,0.05,0.05,1.0,1.0
hilbert-rp2-s4-b30,test,2,400,1,0.1005,0.008,0.05,0.05,0.05,0.05,1.0,1.0
hilbert-rp2-s4-b30,validation,3,1,0,0.035,0.0048,0.01561,0.01562,0.018,0.02025,1.0,1.0
hilbert-rp2-s4-b30,test,3,1,0,0.044,0.0054,0.01591,0.01562,0.01912,0.02025,1.0,1.0
hilbert-rp2-s4-b30,validation,3,2,0,0.0675,0.0072,0.03121,0.0315,0.03513,0.03938,1.46,1.0
hilbert-rp2-s4-b30,test,3,2,0,0.082,0.0079,0.03166,0.03138,0.0385,0.03938,1.48,1.0
hilbert-rp2-s4-b30,validation,3,4,0,0.132,0.0097,0.06246,0.06281,0.06938,0.07462,1.93,1.0
hilbert-rp2-s4-b30,test,3,4,0,0.144,0.0105,0.06307,0.06288,0.07462,0.07462,1.88,1.0
hilbert-rp2-s4-b30,validation,3,8,0,0.245,0.0124,0.12528,0.12575,0.13628,0.13862,2.46,1.0
hilbert-rp2-s4-b30,test,3,8,0,0.2495,0.0144,0.12545,0.12462,0.13687,0.13862,2.57,1.0
hilbert-rp2-s4-b30,validation,3,16,0,0.454,0.0158,0.25072,0.24969,0.26562,0.267,3.22,1.0
hilbert-rp2-s4-b30,test,3,16,0,0.4325,0.0169,0.25106,0.25038,0.26489,0.267,3.23,1.0
hilbert-rp2-s4-b30,validation,3,32,0,0.72,0.0152,0.49938,0.50044,0.51,0.51187,4.12,1.0
hilbert-rp2-s4-b30,test,3,32,0,0.7075,0.0158,0.49953,0.49975,0.50926,0.51038,4.26,1.0
hilbert-rp2-s4-b30,validation,3,64,0,1.0,0.0,1.0,1.0,1.0,1.0,1.0,1.0
hilbert-rp2-s4-b30,test,3,64,0,1.0,0.0,1.0,1.0,1.0,1.0,1.0,1.0
hilbert-rp2-s4-b30,validation,3,40,1,0.0095,0.0023,0.005,0.005,0.005,0.005,1.0,1.0
hilbert-rp2-s4-b30,test,3,40,1,0.0135,0.0029,0.005,0.005,0.005,0.005,1.0,1.0
hilbert-rp2-s4-b30,validation,3,80,1,0.0235,0.004,0.01,0.01,0.01,0.01,1.0,1.0
hilbert-rp2-s4-b30,test,3,80,1,0.0225,0.0036,0.01,0.01,0.01,0.01,1.0,1.0
hilbert-rp2-s4-b30,validation,3,160,1,0.044,0.0054,0.02,0.02,0.02,0.02,1.46,1.0
hilbert-rp2-s4-b30,test,3,160,1,0.0535,0.0062,0.02,0.02,0.02,0.02,1.47,1.0
hilbert-rp2-s4-b30,validation,3,400,1,0.1065,0.009,0.05,0.05,0.05,0.05,1.94,1.0
hilbert-rp2-s4-b30,test,3,400,1,0.117,0.0097,0.05,0.05,0.05,0.05,1.9,1.0
hilbert-rp2-s4-b30,validation,4,1,0,0.013,0.0027,0.00392,0.004,0.00513,0.00588,1.0,1.0
hilbert-rp2-s4-b30,test,4,1,0,0.0115,0.0026,0.00401,0.004,0.00537,0.00588,1.0,1.0
hilbert-rp2-s4-b30,validation,4,2,0,0.021,0.0034,0.0078,0.00775,0.00951,0.011,1.47,1.0
hilbert-rp2-s4-b30,test,4,2,0,0.026,0.0041,0.00803,0.00788,0.01025,0.011,1.49,1.0
hilbert-rp2-s4-b30,validation,4,4,0,0.036,0.0048,0.01561,0.01537,0.0185,0.02025,2.01,1.0
hilbert-rp2-s4-b30,test,4,4,0,0.045,0.0058,0.01594,0.01569,0.01912,0.02088,2.12,1.0
hilbert-rp2-s4-b30,validation,4,8,0,0.067,0.0069,0.03122,0.03112,0.03513,0.03938,2.8,1.0
hilbert-rp2-s4-b30,test,4,8,0,0.0835,0.0077,0.03172,0.031,0.03706,0.03938,2.69,1.0
hilbert-rp2-s4-b30,validation,4,16,0,0.13,0.0096,0.06251,0.06281,0.06839,0.07525,3.98,1.0
hilbert-rp2-s4-b30,test,4,16,0,0.1435,0.0105,0.06316,0.06263,0.07268,0.07487,3.78,1.0
hilbert-rp2-s4-b30,validation,4,32,0,0.2445,0.0128,0.12544,0.12581,0.13613,0.1375,5.29,1.0
hilbert-rp2-s4-b30,test,4,32,0,0.2525,0.0144,0.12543,0.125,0.13687,0.1385,5.23,1.0
hilbert-rp2-s4-b30,validation,4,64,0,0.4495,0.0159,0.25069,0.24981,0.26462,0.26587,6.29,1.0
hilbert-rp2-s4-b30,test,4,64,0,0.4265,0.0168,0.25082,0.24994,0.26462,0.26713,6.38,1.0
hilbert-rp2-s4-b30,validation,4,40,1,0.0155,0.0031,0.005,0.005,0.005,0.005,1.45,1.0
hilbert-rp2-s4-b30,test,4,40,1,0.016,0.0031,0.005,0.005,0.005,0.005,1.45,1.0
hilbert-rp2-s4-b30,validation,4,80,1,0.027,0.0041,0.01,0.01,0.01,0.01,1.9,1.0
hilbert-rp2-s4-b30,test,4,80,1,0.032,0.0049,0.01,0.01,0.01,0.01,1.93,1.0
hilbert-rp2-s4-b30,validation,4,160,1,0.046,0.0055,0.02,0.02,0.02,0.02,2.52,1.0
hilbert-rp2-s4-b30,test,4,160,1,0.054,0.0064,0.02,0.02,0.02,0.02,2.42,1.0
hilbert-rp2-s4-b30,validation,4,400,1,0.1045,0.0085,0.05,0.05,0.05,0.05,3.78,1.0
hilbert-rp2-s4-b30,test,4,400,1,0.119,0.01,0.05,0.05,0.05,0.05,3.58,1.0
hilbert-rp2-s4-b30,validation,5,1,0,0.0055,0.0016,0.001,0.001,0.00151,0.002,1.0,1.0
hilbert-rp2-s4-b30,test,5,1,0,0.0055,0.0016,0.00099,0.00094,0.00162,0.00237,1.0,1.0
hilbert-rp2-s4-b30,validation,5,2,0,0.008,0.0019,0.00198,0.002,0.00287,0.00387,1.43,1.0
hilbert-rp2-s4-b30,test,5,2,0,0.0085,0.002,0.00201,0.002,0.00288,0.00375,1.42,1.0
hilbert-rp2-s4-b30,validation,5,4,0,0.0125,0.0025,0.00395,0.00387,0.00513,0.00625,2.12,1.0
hilbert-rp2-s4-b30,test,5,4,0,0.0135,0.0028,0.00401,0.004,0.00526,0.00625,2.06,1.0
hilbert-rp2-s4-b30,validation,5,8,0,0.0235,0.0037,0.00784,0.00775,0.00975,0.01112,2.83,1.0
hilbert-rp2-s4-b30,test,5,8,0,0.0285,0.0046,0.008,0.00775,0.01038,0.01125,2.96,1.0
hilbert-rp2-s4-b30,validation,5,16,0,0.0415,0.005,0.01569,0.01562,0.01862,0.02088,4.31,1.0
hilbert-rp2-s4-b30,test,5,16,0,0.0475,0.0062,0.01591,0.0155,0.01912,0.02113,4.17,1.0
hilbert-rp2-s4-b30,validation,5,32,0,0.0675,0.0067,0.03119,0.031,0.03537,0.03837,5.78,1.0
hilbert-rp2-s4-b30,test,5,32,0,0.0815,0.0081,0.03176,0.03119,0.03713,0.03913,5.79,1.0
hilbert-rp2-s4-b30,validation,5,64,0,0.1295,0.0095,0.06247,0.06269,0.06889,0.0745,7.88,1.0
hilbert-rp2-s4-b30,test,5,64,0,0.1435,0.0103,0.06319,0.06281,0.07315,0.07562,7.54,1.0
hilbert-rp2-s4-b30,validation,5,40,1,0.017,0.003,0.005,0.005,0.005,0.005,2.57,1.0
hilbert-rp2-s4-b30,test,5,40,1,0.018,0.0034,0.005,0.005,0.005,0.005,2.48,1.0
hilbert-rp2-s4-b30,validation,5,80,1,0.028,0.0042,0.01,0.01,0.01,0.01,3.55,1.0
hilbert-rp2-s4-b30,test,5,80,1,0.031,0.005,0.01,0.01,0.01,0.01,3.62,1.0
hilbert-rp2-s4-b30,validation,5,160,1,0.0475,0.0056,0.02,0.02,0.02,0.02,4.8,1.0
hilbert-rp2-s4-b30,test,5,160,1,0.0565,0.0067,0.02,0.02,0.02,0.02,4.71,1.0
hilbert-rp2-s4-b30,validation,5,400,1,0.103,0.0084,0.05,0.05,0.05,0.05,7.21,1.0
hilbert-rp2-s4-b30,test,5,400,1,0.118,0.0095,0.05,0.05,0.05,0.05,7.05,1.0
hilbert-rp2-s4-b30,validation,6,1,0,0.002,0.001,0.00026,0.00025,0.0005,0.00075,1.0,1.0
hilbert-rp2-s4-b30,test,6,1,0,0.0035,0.0013,0.00025,0.00025,0.00063,0.00075,1.0,1.0
hilbert-rp2-s4-b30,validation,6,2,0,0.003,0.0012,0.0005,0.0005,0.00088,0.00137,1.48,1.0
hilbert-rp2-s4-b30,test,6,2,0,0.0035,0.0013,0.0005,0.0005,0.00088,0.00125,1.51,1.0
hilbert-rp2-s4-b30,validation,6,4,0,0.005,0.0015,0.00101,0.001,0.00175,0.00225,2.18,1.0
hilbert-rp2-s4-b30,test,6,4,0,0.0045,0.0015,0.001,0.001,0.00162,0.00237,2.1,1.0
hilbert-rp2-s4-b30,validation,6,8,0,0.007,0.0018,0.00201,0.002,0.00287,0.00387,2.96,1.0
hilbert-rp2-s4-b30,test,6,8,0,0.007,0.0018,0.00199,0.002,0.00287,0.0035,2.98,1.0
hilbert-rp2-s4-b30,validation,6,16,0,0.011,0.0024,0.00397,0.00387,0.00537,0.00637,4.38,1.0
hilbert-rp2-s4-b30,test,6,16,0,0.0145,0.0028,0.004,0.00394,0.00526,0.00625,4.19,1.0
hilbert-rp2-s4-b30,validation,6,32,0,0.022,0.0035,0.00792,0.00775,0.00988,0.01112,6.07,1.0
hilbert-rp2-s4-b30,test,6,32,0,0.0265,0.0045,0.00795,0.00775,0.01001,0.011,6.08,1.0
hilbert-rp2-s4-b30,validation,6,64,0,0.0405,0.0049,0.0157,0.01562,0.0185,0.02075,8.49,1.0
hilbert-rp2-s4-b30,test,6,64,0,0.046,0.0059,0.01589,0.01562,0.01877,0.021,8.06,1.0
hilbert-rp2-s4-b30,validation,6,40,1,0.0155,0.0029,0.005,0.005,0.005,0.005,6.3,1.0
hilbert-rp2-s4-b30,test,6,40,1,0.017,0.0032,0.005,0.005,0.005,0.005,6.17,1.0
hilbert-rp2-s4-b30,validation,6,80,1,0.0285,0.0041,0.01,0.01,0.01,0.01,10.19,1.0
hilbert-rp2-s4-b30,test,6,80,1,0.0295,0.0048,0.01,0.01,0.01,0.01,10.12,1.0
hilbert-rp2-s4-b30,validation,6,160,1,0.0495,0.0056,0.02,0.02,0.02,0.02,17.25,1.0
hilbert-rp2-s4-b30,test,6,160,1,0.053,0.0064,0.02,0.02,0.02,0.02,16.86,1.0
hilbert-rp2-s4-b30,validation,6,400,1,0.108,0.0086,0.05,0.05,0.05,0.05,36.17,1.0
hilbert-rp2-s4-b30,test,6,400,1,0.116,0.0094,0.05,0.05,0.05,0.05,35.26,1.0
hilbert-rp2-s4-b30,validation,7,1,0,0.001,0.0007,6e-05,0.0,0.00025,0.00038,1.0,1.0
hilbert-rp2-s4-b30,test,7,1,0,0.002,0.001,7e-05,0.0,0.00025,0.0005,1.0,1.0
hilbert-rp2-s4-b30,validation,7,2,0,0.001,0.0007,0.00012,0.00013,0.00038,0.00063,1.43,1.0
hilbert-rp2-s4-b30,test,7,2,0,0.0025,0.0011,0.00012,0.00013,0.00038,0.0005,1.44,1.0
hilbert-rp2-s4-b30,validation,7,4,0,0.0025,0.0011,0.00025,0.00025,0.00063,0.00075,2.0,1.0
hilbert-rp2-s4-b30,test,7,4,0,0.003,0.0012,0.00025,0.00025,0.0005,0.00075,2.13,1.0
hilbert-rp2-s4-b30,validation,7,8,0,0.0035,0.0013,0.00051,0.0005,0.001,0.00125,2.92,1.0
hilbert-rp2-s4-b30,test,7,8,0,0.0035,0.0013,0.00052,0.0005,0.00088,0.00112,3.04,1.0
hilbert-rp2-s4-b30,validation,7,16,0,0.0045,0.0015,0.00099,0.001,0.00162,0.002,4.39,1.0
hilbert-rp2-s4-b30,test,7,16,0,0.005,0.0015,0.00099,0.001,0.00151,0.002,4.39,1.0
hilbert-rp2-s4-b30,validation,7,32,0,0.008,0.0019,0.002,0.002,0.00276,0.00375,6.04,1.0
hilbert-rp2-s4-b30,test,7,32,0,0.007,0.0018,0.00199,0.002,0.003,0.00363,6.21,1.0
hilbert-rp2-s4-b30,validation,7,64,0,0.0105,0.0024,0.00397,0.00387,0.00526,0.006,8.48,1.0
hilbert-rp2-s4-b30,test,7,64,0,0.014,0.0027,0.00398,0.00387,0.00513,0.00625,8.51,1.0
hilbert-rp2-s4-b30,validation,7,40,1,0.016,0.003,0.005,0.005,0.005,0.005,21.52,1.0
hilbert-rp2-s4-b30,test,7,40,1,0.0165,0.0034,0.005,0.005,0.005,0.005,21.29,1.0
hilbert-rp2-s4-b30,validation,7,80,1,0.029,0.0041,0.01,0.01,0.01,0.01,41.65,1.0
hilbert-rp2-s4-b30,test,7,80,1,0.0305,0.0048,0.01,0.01,0.01,0.01,41.31,1.0
hilbert-rp2-s4-b30,validation,7,160,1,0.05,0.0057,0.02,0.02,0.02,0.02,81.75,1.0
hilbert-rp2-s4-b30,test,7,160,1,0.054,0.0065,0.02,0.02,0.02,0.02,81.02,1.0
hilbert-rp2-s4-b30,validation,7,400,1,0.1085,0.0087,0.05,0.05,0.05,0.05,201.63,1.0
hilbert-rp2-s4-b30,test,7,400,1,0.115,0.0095,0.05,0.05,0.05,0.05,199.93,1.0
hilbert-rp2-s4-b30,validation,8,1,0,0.0005,0.0005,1e-05,0.0,0.00013,0.00025,1.0,1.0
hilbert-rp2-s4-b30,test,8,1,0,0.0015,0.0009,2e-05,0.0,0.00013,0.00025,1.0,1.0
hilbert-rp2-s4-b30,validation,8,2,0,0.0005,0.0005,3e-05,0.0,0.00013,0.00038,1.52,1.0
hilbert-rp2-s4-b30,test,8,2,0,0.0015,0.0009,4e-05,0.0,0.00013,0.00025,1.48,1.0
hilbert-rp2-s4-b30,validation,8,4,0,0.001,0.0007,6e-05,0.0,0.00025,0.0005,2.29,1.0
hilbert-rp2-s4-b30,test,8,4,0,0.0015,0.0009,7e-05,0.0,0.00025,0.0005,2.16,1.0
hilbert-rp2-s4-b30,validation,8,8,0,0.0015,0.0009,0.00012,0.00013,0.00038,0.0005,3.07,1.0
hilbert-rp2-s4-b30,test,8,8,0,0.0025,0.0011,0.00012,0.00013,0.00026,0.00063,3.0,1.0
hilbert-rp2-s4-b30,validation,8,16,0,0.002,0.001,0.00024,0.00025,0.00051,0.00075,4.32,1.0
hilbert-rp2-s4-b30,test,8,16,0,0.003,0.0012,0.00025,0.00025,0.0005,0.00075,4.41,1.0
hilbert-rp2-s4-b30,validation,8,32,0,0.004,0.0014,0.0005,0.0005,0.00088,0.00137,6.37,1.0
hilbert-rp2-s4-b30,test,8,32,0,0.004,0.0014,0.00052,0.0005,0.00088,0.00125,6.28,1.0
hilbert-rp2-s4-b30,validation,8,64,0,0.005,0.0015,0.001,0.001,0.00162,0.002,8.87,1.0
hilbert-rp2-s4-b30,test,8,64,0,0.0055,0.0016,0.001,0.001,0.0015,0.002,8.97,1.0
hilbert-rp2-s4-b30,validation,8,40,1,0.0145,0.0028,0.005,0.005,0.005,0.005,33.92,1.0
hilbert-rp2-s4-b30,test,8,40,1,0.0175,0.0034,0.005,0.005,0.005,0.005,33.95,1.0
hilbert-rp2-s4-b30,validation,8,80,1,0.029,0.0041,0.01,0.01,0.01,0.01,67.49,1.0
hilbert-rp2-s4-b30,test,8,80,1,0.0305,0.0048,0.01,0.01,0.01,0.01,67.42,1.0
hilbert-rp2-s4-b30,validation,8,160,1,0.0505,0.0057,0.02,0.02,0.02,0.02,134.76,1.0
hilbert-rp2-s4-b30,test,8,160,1,0.0555,0.0065,0.02,0.02,0.02,0.02,134.29,1.0
hilbert-rp2-s4-b30,validation,8,400,1,0.1075,0.0087,0.05,0.05,0.05,0.05,335.57,1.0
hilbert-rp2-s4-b30,test,8,400,1,0.115,0.0095,0.05,0.05,0.05,0.05,334.81,1.0
hilbert-rp2-s4-b30,validation,10,1,0,0.0005,0.0005,0.0,0.0,0.0,0.00013,1.0,1.0
hilbert-rp2-s4-b30,test,10,1,0,0.0015,0.0009,0.0,0.0,0.0,0.00013,1.0,1.0
hilbert-rp2-s4-b30,validation,10,2,0,0.0005,0.0005,0.0,0.0,0.0,0.00013,1.53,1.0
hilbert-rp2-s4-b30,test,10,2,0,0.0015,0.0009,1e-05,0.0,0.0,0.00013,1.5,1.0
hilbert-rp2-s4-b30,validation,10,4,0,0.0005,0.0005,0.0,0.0,0.0,0.00013,2.2,1.0
hilbert-rp2-s4-b30,test,10,4,0,0.0015,0.0009,1e-05,0.0,0.00013,0.00013,2.18,1.0
hilbert-rp2-s4-b30,validation,10,8,0,0.0005,0.0005,1e-05,0.0,0.00013,0.00025,2.94,1.0
hilbert-rp2-s4-b30,test,10,8,0,0.0015,0.0009,1e-05,0.0,0.00013,0.00013,2.98,1.0
hilbert-rp2-s4-b30,validation,10,16,0,0.0005,0.0005,1e-05,0.0,0.00013,0.00025,4.45,1.0
hilbert-rp2-s4-b30,test,10,16,0,0.0015,0.0009,2e-05,0.0,0.00013,0.00025,4.49,1.0
hilbert-rp2-s4-b30,validation,10,32,0,0.0005,0.0005,2e-05,0.0,0.00013,0.00025,6.38,1.0
hilbert-rp2-s4-b30,test,10,32,0,0.0015,0.0009,3e-05,0.0,0.00013,0.00025,6.2,1.0
hilbert-rp2-s4-b30,validation,10,64,0,0.001,0.0007,6e-05,0.0,0.00025,0.0005,8.94,1.0
hilbert-rp2-s4-b30,test,10,64,0,0.0015,0.0009,6e-05,0.0,0.00025,0.00038,8.93,1.0
hilbert-rp2-s4-b30,validation,10,40,1,0.011,0.0023,0.00396,0.00394,0.005,0.005,31.27,0.095
hilbert-rp2-s4-b30,test,10,40,1,0.0135,0.0028,0.00393,0.00387,0.005,0.005,31.08,0.095
hilbert-rp2-s4-b30,validation,10,80,1,0.011,0.0023,0.00398,0.00394,0.00513,0.00637,31.49,0.0
hilbert-rp2-s4-b30,test,10,80,1,0.0135,0.0028,0.00397,0.00387,0.00525,0.00613,31.41,0.0
hilbert-rp2-s4-b30,validation,10,160,1,0.011,0.0023,0.00398,0.00394,0.00513,0.00637,31.49,0.0
hilbert-rp2-s4-b30,test,10,160,1,0.0135,0.0028,0.00397,0.00387,0.00525,0.00613,31.41,0.0
hilbert-rp2-s4-b30,validation,10,400,1,0.011,0.0023,0.00398,0.00394,0.00513,0.00637,31.49,0.0
hilbert-rp2-s4-b30,test,10,400,1,0.0135,0.0028,0.00397,0.00387,0.00525,0.00613,31.41,0.0
hilbert-pca2-b30-minmax,validation,2,1,0,0.5435,0.0195,0.1818,0.24063,0.31075,0.31075,1.0,1.0
hilbert-pca2-b30-minmax,test,2,1,0,0.5695,0.0191,0.18371,0.24063,0.31075,0.31075,1.0,1.0
hilbert-pca2-b30-minmax,validation,2,2,0,0.81,0.0151,0.31794,0.3275,0.55137,0.55137,1.44,1.0
hilbert-pca2-b30-minmax,test,2,2,0,0.8295,0.0139,0.31498,0.3275,0.55137,0.55137,1.51,1.0
hilbert-pca2-b30-minmax,validation,2,4,0,0.9575,0.0064,0.46965,0.4735,0.64575,0.73137,1.89,1.0
hilbert-pca2-b30-minmax,test,2,4,0,0.958,0.0076,0.4685,0.4735,0.64575,0.73137,1.91,1.0
hilbert-pca2-b30-minmax,validation,2,8,0,0.995,0.0017,0.75493,0.79937,0.84988,0.84988,2.83,1.0
hilbert-pca2-b30-minmax,test,2,8,0,0.997,0.0012,0.74126,0.73213,0.84913,0.87025,2.77,1.0
hilbert-pca2-b30-minmax,validation,2,16,0,1.0,0.0,1.0,1.0,1.0,1.0,1.0,1.0
hilbert-pca2-b30-minmax,test,2,16,0,1.0,0.0,1.0,1.0,1.0,1.0,1.0,1.0
hilbert-pca2-b30-minmax,validation,2,32,0,1.0,0.0,1.0,1.0,1.0,1.0,1.0,1.0
hilbert-pca2-b30-minmax,test,2,32,0,1.0,0.0,1.0,1.0,1.0,1.0,1.0,1.0
hilbert-pca2-b30-minmax,validation,2,64,0,1.0,0.0,1.0,1.0,1.0,1.0,1.0,1.0
hilbert-pca2-b30-minmax,test,2,64,0,1.0,0.0,1.0,1.0,1.0,1.0,1.0,1.0
hilbert-pca2-b30-minmax,validation,2,40,1,0.038,0.006,0.005,0.005,0.005,0.005,1.0,1.0
hilbert-pca2-b30-minmax,test,2,40,1,0.0495,0.0073,0.005,0.005,0.005,0.005,1.0,1.0
hilbert-pca2-b30-minmax,validation,2,80,1,0.0565,0.0076,0.01,0.01,0.01,0.01,1.0,1.0
hilbert-pca2-b30-minmax,test,2,80,1,0.0775,0.0098,0.01,0.01,0.01,0.01,1.01,1.0
hilbert-pca2-b30-minmax,validation,2,160,1,0.1125,0.011,0.02,0.02,0.02,0.02,1.01,1.0
hilbert-pca2-b30-minmax,test,2,160,1,0.1335,0.0132,0.02,0.02,0.02,0.02,1.03,1.0
hilbert-pca2-b30-minmax,validation,2,400,1,0.234,0.0182,0.05,0.05,0.05,0.05,1.04,1.0
hilbert-pca2-b30-minmax,test,2,400,1,0.276,0.019,0.05,0.05,0.05,0.05,1.05,1.0
hilbert-pca2-b30-minmax,validation,3,1,0,0.273,0.015,0.05682,0.06388,0.0975,0.0975,1.0,1.0
hilbert-pca2-b30-minmax,test,3,1,0,0.2845,0.0145,0.05413,0.06388,0.0975,0.0975,1.0,1.0
hilbert-pca2-b30-minmax,validation,3,2,0,0.4735,0.0177,0.1061,0.11306,0.17638,0.17638,1.49,1.0
hilbert-pca2-b30-minmax,test,3,2,0,0.4825,0.0172,0.10261,0.109,0.16525,0.17638,1.44,1.0
hilbert-pca2-b30-minmax,validation,3,4,0,0.7065,0.0149,0.19103,0.21538,0.31075,0.31075,2.12,1.0
hilbert-pca2-b30-minmax,test,3,4,0,0.716,0.0157,0.18491,0.20088,0.31075,0.31075,2.06,1.0
hilbert-pca2-b30-minmax,validation,3,8,0,0.8935,0.0107,0.30872,0.34519,0.43835,0.45325,2.83,1.0
hilbert-pca2-b30-minmax,test,3,8,0,0.8955,0.0105,0.30645,0.33513,0.44262,0.45325,2.92,1.0
hilbert-pca2-b30-minmax,validation,3,16,0,0.9805,0.0039,0.48217,0.4905,0.64714,0.74025,3.91,1.0
hilbert-pca2-b30-minmax,test,3,16,0,0.985,0.003,0.4797,0.49488,0.70676,0.74025,3.75,1.0
hilbert-pca2-b30-minmax,validation,3,32,0,0.998,0.001,0.76005,0.77881,0.8995,0.93588,4.7,1.0
hilbert-pca2-b30-minmax,test,3,32,0,0.998,0.001,0.74916,0.748,0.90352,0.93725,4.75,1.0
hilbert-pca2-b30-minmax,validation,3,64,0,1.0,0.0,1.0,1.0,1.0,1.0,1.0,1.0
hilbert-pca2-b30-minmax,test,3,64,0,1.0,0.0,1.0,1.0,1.0,1.0,1.0,1.0
hilbert-pca2-b30-minmax,validation,3,40,1,0.038,0.0052,0.005,0.005,0.005,0.005,1.0,1.0
hilbert-pca2-b30-minmax,test,3,40,1,0.0525,0.0068,0.005,0.005,0.005,0.005,1.01,1.0
hilbert-pca2-b30-minmax,validation,3,80,1,0.073,0.0074,0.01,0.01,0.01,0.01,1.02,1.0
hilbert-pca2-b30-minmax,test,3,80,1,0.089,0.0088,0.01,0.01,0.01,0.01,1.03,1.0
hilbert-pca2-b30-minmax,validation,3,160,1,0.1365,0.0104,0.02,0.02,0.02,0.02,1.07,1.0
hilbert-pca2-b30-minmax,test,3,160,1,0.155,0.0124,0.02,0.02,0.02,0.02,1.14,1.0
hilbert-pca2-b30-minmax,validation,3,400,1,0.2915,0.0169,0.05,0.05,0.05,0.05,1.3,1.0
hilbert-pca2-b30-minmax,test,3,400,1,0.3155,0.0176,0.05,0.05,0.05,0.05,1.36,1.0
hilbert-pca2-b30-minmax,validation,4,1,0,0.093,0.0079,0.01628,0.01613,0.03064,0.03375,1.0,1.0
hilbert-pca2-b30-minmax,test,4,1,0,0.102,0.0074,0.01498,0.01413,0.03012,0.03375,1.0,1.0
hilbert-pca2-b30-minmax,validation,4,2,0,0.1785,0.0106,0.0318,0.03238,0.0598,0.06475,1.43,1.0
hilbert-pca2-b30-minmax,test,4,2,0,0.187,0.0106,0.03054,0.03169,0.0598,0.06475,1.48,1.0
hilbert-pca2-b30-minmax,validation,4,4,0,0.309,0.0148,0.06136,0.06131,0.10988,0.12187,2.08,1.0
hilbert-pca2-b30-minmax,test,4,4,0,0.326,0.0143,0.05965,0.06388,0.11314,0.12187,2.19,1.0
hilbert-pca2-b30-minmax,validation,4,8,0,0.5145,0.0172,0.11353,0.11825,0.19178,0.20825,2.92,1.0
hilbert-pca2-b30-minmax,test,4,8,0,0.5245,0.0165,0.10945,0.11812,0.19201,0.20187,3.02,1.0
hilbert-pca2-b30-minmax,validation,4,16,0,0.7415,0.014,0.19537,0.20631,0.30012,0.33413,4.45,1.0
hilbert-pca2-b30-minmax,test,4,16,0,0.76,0.0151,0.19514,0.2075,0.30326,0.32788,4.35,1.0
hilbert-pca2-b30-minmax,validation,4,32,0,0.9195,0.0082,0.31876,0.34625,0.44574,0.46337,6.03,1.0
hilbert-pca2-b30-minmax,test,4,32,0,0.921,0.0096,0.31777,0.33694,0.46005,0.4745,6.07,1.0
hilbert-pca2-b30-minmax,validation,4,64,0,0.983,0.0034,0.48771,0.4935,0.66717,0.69588,7.58,1.0
hilbert-pca2-b30-minmax,test,4,64,0,0.9875,0.0028,0.48227,0.48919,0.69007,0.70137,7.4,1.0
hilbert-pca2-b30-minmax,validation,4,40,1,0.0395,0.0049,0.005,0.005,0.005,0.005,1.06,1.0
hilbert-pca2-b30-minmax,test,4,40,1,0.054,0.0062,0.005,0.005,0.005,0.005,1.12,1.0
hilbert-pca2-b30-minmax,validation,4,80,1,0.0795,0.008,0.01,0.01,0.01,0.01,1.2,1.0
hilbert-pca2-b30-minmax,test,4,80,1,0.0925,0.0082,0.01,0.01,0.01,0.01,1.31,1.0
hilbert-pca2-b30-minmax,validation,4,160,1,0.1475,0.0112,0.02,0.02,0.02,0.02,1.5,1.0
hilbert-pca2-b30-minmax,test,4,160,1,0.173,0.0123,0.02,0.02,0.02,0.02,1.64,1.0
hilbert-pca2-b30-minmax,validation,4,400,1,0.326,0.0177,0.05,0.05,0.05,0.05,2.37,1.0
hilbert-pca2-b30-minmax,test,4,400,1,0.3395,0.0174,0.05,0.05,0.05,0.05,2.45,1.0
hilbert-pca2-b30-minmax,validation,5,1,0,0.029,0.0038,0.00427,0.00394,0.0085,0.01013,1.0,1.0
hilbert-pca2-b30-minmax,test,5,1,0,0.0305,0.0043,0.00393,0.00337,0.00863,0.01013,1.0,1.0
hilbert-pca2-b30-minmax,validation,5,2,0,0.0515,0.0055,0.00839,0.00781,0.01626,0.01937,1.46,1.0
hilbert-pca2-b30-minmax,test,5,2,0,0.0595,0.0059,0.00794,0.00725,0.01626,0.01937,1.47,1.0
hilbert-pca2-b30-minmax,validation,5,4,0,0.0975,0.0081,0.01615,0.01569,0.03138,0.03687,2.17,1.0
hilbert-pca2-b30-minmax,test,5,4,0,0.1035,0.0077,0.01593,0.01556,0.03163,0.03562,2.04,1.0
hilbert-pca2-b30-minmax,validation,5,8,0,0.185,0.0119,0.03248,0.03263,0.05902,0.06813,2.9,1.0
hilbert-pca2-b30-minmax,test,5,8,0,0.1965,0.0115,0.0312,0.03,0.05953,0.0695,2.99,1.0
hilbert-pca2-b30-minmax,validation,5,16,0,0.3255,0.015,0.06223,0.06306,0.10927,0.12187,4.43,1.0
hilbert-pca2-b30-minmax,test,5,16,0,0.342,0.0148,0.05996,0.06263,0.1094,0.12325,4.53,1.0
hilbert-pca2-b30-minmax,validation,5,32,0,0.527,0.0175,0.11365,0.1215,0.18742,0.20513,6.22,1.0
hilbert-pca2-b30-minmax,test,5,32,0,0.5385,0.0173,0.11178,0.12144,0.19036,0.20638,6.27,1.0
hilbert-pca2-b30-minmax,validation,5,64,0,0.7475,0.0147,0.19834,0.214,0.30212,0.31888,8.95,1.0
hilbert-pca2-b30-minmax,test,5,64,0,0.76,0.0157,0.19649,0.216,0.30627,0.32012,8.82,1.0
hilbert-pca2-b30-minmax,validation,5,40,1,0.0435,0.0048,0.005,0.005,0.005,0.005,1.65,1.0
hilbert-pca2-b30-minmax,test,5,40,1,0.0575,0.0066,0.005,0.005,0.005,0.005,1.67,1.0
hilbert-pca2-b30-minmax,validation,5,80,1,0.085,0.0075,0.01,0.01,0.01,0.01,2.23,1.0
hilbert-pca2-b30-minmax,test,5,80,1,0.1015,0.0096,0.01,0.01,0.01,0.01,2.29,1.0
hilbert-pca2-b30-minmax,validation,5,160,1,0.158,0.0119,0.02,0.02,0.02,0.02,2.98,1.0
hilbert-pca2-b30-minmax,test,5,160,1,0.177,0.0127,0.02,0.02,0.02,0.02,3.15,1.0
hilbert-pca2-b30-minmax,validation,5,400,1,0.335,0.018,0.05,0.05,0.05,0.05,4.84,1.0
hilbert-pca2-b30-minmax,test,5,400,1,0.352,0.0184,0.05,0.05,0.05,0.05,5.01,1.0
hilbert-pca2-b30-minmax,validation,6,1,0,0.0085,0.0021,0.00105,0.001,0.00225,0.00313,1.0,1.0
hilbert-pca2-b30-minmax,test,6,1,0,0.011,0.0024,0.00101,0.00094,0.00238,0.00313,1.0,1.0
hilbert-pca2-b30-minmax,validation,6,2,0,0.016,0.0029,0.00209,0.00187,0.00438,0.00487,1.53,1.0
hilbert-pca2-b30-minmax,test,6,2,0,0.016,0.003,0.00199,0.00181,0.00475,0.00613,1.51,1.0
hilbert-pca2-b30-minmax,validation,6,4,0,0.032,0.0041,0.00421,0.004,0.00813,0.00962,2.22,1.0
hilbert-pca2-b30-minmax,test,6,4,0,0.034,0.0046,0.00401,0.00344,0.00838,0.01038,2.13,1.0
hilbert-pca2-b30-minmax,validation,6,8,0,0.059,0.0059,0.0084,0.00825,0.01565,0.01825,3.06,1.0
hilbert-pca2-b30-minmax,test,6,8,0,0.061,0.0062,0.008,0.0075,0.0165,0.019,2.92,1.0
hilbert-pca2-b30-minmax,validation,6,16,0,0.101,0.0087,0.01648,0.016,0.03102,0.03562,4.44,1.0
hilbert-pca2-b30-minmax,test,6,16,0,0.1075,0.0083,0.01578,0.015,0.03142,0.03612,4.54,1.0
hilbert-pca2-b30-minmax,validation,6,32,0,0.1925,0.0118,0.03226,0.03275,0.05851,0.06675,6.42,1.0
hilbert-pca2-b30-minmax,test,6,32,0,0.197,0.0117,0.03116,0.03156,0.05989,0.068,6.26,1.0
hilbert-pca2-b30-minmax,validation,6,64,0,0.33,0.0149,0.06225,0.063,0.1094,0.12125,9.1,1.0
hilbert-pca2-b30-minmax,test,6,64,0,0.34,0.0149,0.06018,0.06325,0.11101,0.12337,9.1,1.0
hilbert-pca2-b30-minmax,validation,6,40,1,0.0435,0.005,0.005,0.005,0.005,0.005,3.41,1.0
hilbert-pca2-b30-minmax,test,6,40,1,0.059,0.0065,0.005,0.005,0.005,0.005,3.48,1.0
hilbert-pca2-b30-minmax,validation,6,80,1,0.0855,0.008,0.01,0.01,0.01,0.01,4.76,1.0
hilbert-pca2-b30-minmax,test,6,80,1,0.1025,0.0094,0.01,0.01,0.01,0.01,5.08,1.0
hilbert-pca2-b30-minmax,validation,6,160,1,0.1645,0.0115,0.02,0.02,0.02,0.02,7.17,1.0
hilbert-pca2-b30-minmax,test,6,160,1,0.1755,0.0127,0.02,0.02,0.02,0.02,7.27,1.0
hilbert-pca2-b30-minmax,validation,6,400,1,0.3365,0.0185,0.05,0.05,0.05,0.05,12.38,1.0
hilbert-pca2-b30-minmax,test,6,400,1,0.3565,0.0184,0.05,0.05,0.05,0.05,12.55,1.0
hilbert-pca2-b30-minmax,validation,7,1,0,0.004,0.0014,0.00027,0.00025,0.00063,0.001,1.0,1.0
hilbert-pca2-b30-minmax,test,7,1,0,0.003,0.0012,0.00026,0.00025,0.00075,0.00125,1.0,1.0
hilbert-pca2-b30-minmax,validation,7,2,0,0.006,0.0018,0.00055,0.0005,0.00125,0.0015,1.53,1.0
hilbert-pca2-b30-minmax,test,7,2,0,0.006,0.0017,0.00051,0.00038,0.00125,0.002,1.52,1.0
hilbert-pca2-b30-minmax,validation,7,4,0,0.0095,0.0022,0.00106,0.001,0.00213,0.00263,2.15,1.0
hilbert-pca2-b30-minmax,test,7,4,0,0.0095,0.0021,0.001,0.00088,0.0025,0.0035,2.23,1.0
hilbert-pca2-b30-minmax,validation,7,8,0,0.0165,0.0028,0.00211,0.002,0.00413,0.00513,3.03,1.0
hilbert-pca2-b30-minmax,test,7,8,0,0.0195,0.0036,0.00205,0.00187,0.00476,0.0065,3.06,1.0
hilbert-pca2-b30-minmax,validation,7,16,0,0.0315,0.0041,0.0042,0.004,0.00801,0.00937,4.44,1.0
hilbert-pca2-b30-minmax,test,7,16,0,0.034,0.0046,0.00404,0.00369,0.00863,0.011,4.46,1.0
hilbert-pca2-b30-minmax,validation,7,32,0,0.057,0.006,0.00832,0.00806,0.01563,0.0185,6.49,1.0
hilbert-pca2-b30-minmax,test,7,32,0,0.06,0.0058,0.00804,0.0075,0.01626,0.01875,6.32,1.0
hilbert-pca2-b30-minmax,validation,7,64,0,0.102,0.0084,0.01659,0.01644,0.03102,0.03587,8.95,1.0
hilbert-pca2-b30-minmax,test,7,64,0,0.1095,0.0083,0.01586,0.01537,0.03163,0.03675,9.04,1.0
hilbert-pca2-b30-minmax,validation,7,40,1,0.045,0.0051,0.005,0.005,0.005,0.005,8.6,1.0
hilbert-pca2-b30-minmax,test,7,40,1,0.0635,0.0072,0.005,0.005,0.005,0.005,9.38,1.0
hilbert-pca2-b30-minmax,validation,7,80,1,0.093,0.0084,0.01,0.01,0.01,0.01,14.6,1.0
hilbert-pca2-b30-minmax,test,7,80,1,0.0995,0.0093,0.01,0.01,0.01,0.01,16.02,1.0
hilbert-pca2-b30-minmax,validation,7,160,1,0.1645,0.0113,0.02,0.02,0.02,0.02,25.25,1.0
hilbert-pca2-b30-minmax,test,7,160,1,0.1765,0.0127,0.02,0.02,0.02,0.02,27.21,1.0
hilbert-pca2-b30-minmax,validation,7,400,1,0.3355,0.0185,0.05,0.05,0.05,0.05,52.8,1.0
hilbert-pca2-b30-minmax,test,7,400,1,0.355,0.0189,0.05,0.05,0.05,0.05,56.23,1.0
hilbert-pca2-b30-minmax,validation,8,1,0,0.0005,0.0005,7e-05,0.0,0.00025,0.0005,1.0,1.0
hilbert-pca2-b30-minmax,test,8,1,0,0.0015,0.0009,6e-05,0.0,0.00025,0.00075,1.0,1.0
hilbert-pca2-b30-minmax,validation,8,2,0,0.001,0.0007,0.00013,0.00013,0.00038,0.0005,1.51,1.0
hilbert-pca2-b30-minmax,test,8,2,0,0.0025,0.0011,0.00013,0.00013,0.00038,0.00075,1.42,1.0
hilbert-pca2-b30-minmax,validation,8,4,0,0.002,0.001,0.00028,0.00025,0.00075,0.00137,2.23,1.0
hilbert-pca2-b30-minmax,test,8,4,0,0.0035,0.0013,0.00027,0.00025,0.00075,0.00112,2.16,1.0
hilbert-pca2-b30-minmax,validation,8,8,0,0.0055,0.0018,0.00053,0.0005,0.00113,0.00162,3.01,1.0
hilbert-pca2-b30-minmax,test,8,8,0,0.0045,0.0015,0.00052,0.00038,0.00137,0.002,3.04,1.0
hilbert-pca2-b30-minmax,validation,8,16,0,0.009,0.0021,0.00106,0.00088,0.00225,0.00275,4.53,1.0
hilbert-pca2-b30-minmax,test,8,16,0,0.009,0.0021,0.00101,0.00088,0.00225,0.003,4.5,1.0
hilbert-pca2-b30-minmax,validation,8,32,0,0.0175,0.0031,0.00214,0.002,0.00426,0.00562,6.39,1.0
hilbert-pca2-b30-minmax,test,8,32,0,0.018,0.0035,0.00203,0.00187,0.00462,0.006,6.33,1.0
hilbert-pca2-b30-minmax,validation,8,64,0,0.0295,0.0041,0.0042,0.00394,0.00813,0.00962,8.96,1.0
hilbert-pca2-b30-minmax,test,8,64,0,0.037,0.0047,0.00404,0.00369,0.00851,0.0105,9.01,1.0
hilbert-pca2-b30-minmax,validation,8,40,1,0.044,0.005,0.005,0.005,0.005,0.005,21.65,1.0
hilbert-pca2-b30-minmax,test,8,40,1,0.062,0.0069,0.005,0.005,0.005,0.005,22.19,1.0
hilbert-pca2-b30-minmax,validation,8,80,1,0.0895,0.0082,0.00998,0.01,0.01,0.01,41.16,0.995
hilbert-pca2-b30-minmax,test,8,80,1,0.1035,0.0096,0.01,0.01,0.01,0.01,42.09,1.0
hilbert-pca2-b30-minmax,validation,8,160,1,0.1625,0.0108,0.01993,0.02,0.02,0.02,78.73,0.995
hilbert-pca2-b30-minmax,test,8,160,1,0.1765,0.0128,0.01999,0.02,0.02,0.02,80.62,0.995
hilbert-pca2-b30-minmax,validation,8,400,1,0.334,0.0178,0.04947,0.05,0.05,0.05,185.18,0.965
hilbert-pca2-b30-minmax,test,8,400,1,0.3525,0.0185,0.04956,0.05,0.05,0.05,187.56,0.96
hilbert-pca2-b30-minmax,validation,10,1,0,0.0005,0.0005,0.0,0.0,0.0,0.00025,1.0,1.0
hilbert-pca2-b30-minmax,test,10,1,0,0.0015,0.0009,1e-05,0.0,0.0,0.00013,1.0,1.0
hilbert-pca2-b30-minmax,validation,10,2,0,0.0005,0.0005,1e-05,0.0,0.00013,0.00025,1.52,1.0
hilbert-pca2-b30-minmax,test,10,2,0,0.0015,0.0009,1e-05,0.0,0.00013,0.00013,1.53,1.0
hilbert-pca2-b30-minmax,validation,10,4,0,0.0005,0.0005,2e-05,0.0,0.00013,0.00025,2.12,1.0
hilbert-pca2-b30-minmax,test,10,4,0,0.0015,0.0009,2e-05,0.0,0.00013,0.00025,2.19,1.0
hilbert-pca2-b30-minmax,validation,10,8,0,0.0005,0.0005,4e-05,0.0,0.00025,0.00038,2.94,1.0
hilbert-pca2-b30-minmax,test,10,8,0,0.0015,0.0009,4e-05,0.0,0.00025,0.00038,3.02,1.0
hilbert-pca2-b30-minmax,validation,10,16,0,0.0005,0.0005,7e-05,0.0,0.00025,0.0005,4.49,1.0
hilbert-pca2-b30-minmax,test,10,16,0,0.0015,0.0009,7e-05,0.0,0.00026,0.00063,4.45,1.0
hilbert-pca2-b30-minmax,validation,10,32,0,0.001,0.0007,0.00013,0.00013,0.0005,0.00075,6.48,1.0
hilbert-pca2-b30-minmax,test,10,32,0,0.0025,0.0011,0.00014,0.00013,0.0005,0.00075,6.47,1.0
hilbert-pca2-b30-minmax,validation,10,64,0,0.0015,0.0009,0.00027,0.00025,0.00075,0.00125,9.04,1.0
hilbert-pca2-b30-minmax,test,10,64,0,0.0025,0.0011,0.00027,0.00025,0.00088,0.00125,8.86,1.0
hilbert-pca2-b30-minmax,validation,10,40,1,0.037,0.0045,0.00478,0.005,0.005,0.005,36.41,0.895
hilbert-pca2-b30-minmax,test,10,40,1,0.052,0.006,0.0047,0.005,0.005,0.005,35.7,0.855
hilbert-pca2-b30-minmax,validation,10,80,1,0.067,0.0064,0.0089,0.01,0.01,0.01,67.41,0.725
hilbert-pca2-b30-minmax,test,10,80,1,0.074,0.007,0.00858,0.01,0.01,0.01,64.82,0.68
hilbert-pca2-b30-minmax,validation,10,160,1,0.0935,0.0079,0.0144,0.01656,0.02,0.02,108.24,0.36
hilbert-pca2-b30-minmax,test,10,160,1,0.095,0.0078,0.01364,0.01562,0.02,0.02,102.42,0.345
hilbert-pca2-b30-minmax,validation,10,400,1,0.103,0.0085,0.01656,0.01656,0.03088,0.03625,124.08,0.0
hilbert-pca2-b30-minmax,test,10,400,1,0.1055,0.008,0.01584,0.01562,0.03201,0.036,118.7,0.0
hkmeans-L4xK8,validation,2,1,0,0.514,0.0203,0.01892,0.01713,0.03413,0.03837,1.0,1.0
hkmeans-L4xK8,test,2,1,0,0.563,0.0214,0.0181,0.01713,0.03413,0.03837,1.0,1.0
hkmeans-L4xK8,validation,2,2,0,0.7235,0.0165,0.03795,0.03625,0.066,0.0725,1.82,1.0
hkmeans-L4xK8,test,2,2,0,0.7415,0.0164,0.03623,0.03531,0.06091,0.0725,1.86,1.0
hkmeans-L4xK8,validation,2,4,0,0.8695,0.0121,0.0749,0.07106,0.11226,0.13425,3.06,1.0
hkmeans-L4xK8,test,2,4,0,0.879,0.0114,0.07217,0.07019,0.11253,0.13425,3.15,1.0
hkmeans-L4xK8,validation,2,8,0,0.944,0.0074,0.15422,0.15006,0.21032,0.2225,4.88,1.0
hkmeans-L4xK8,test,2,8,0,0.9385,0.0075,0.15111,0.14787,0.20425,0.23112,5.02,1.0
hkmeans-L4xK8,validation,2,16,0,0.9795,0.0038,0.31689,0.32031,0.35841,0.37088,8.24,1.0
hkmeans-L4xK8,test,2,16,0,0.9815,0.0038,0.31378,0.31888,0.35609,0.37212,8.22,1.0
hkmeans-L4xK8,validation,2,32,0,0.997,0.0012,0.58582,0.58831,0.61376,0.62862,10.8,1.0
hkmeans-L4xK8,test,2,32,0,0.9965,0.0015,0.58741,0.59194,0.61304,0.63025,10.08,1.0
hkmeans-L4xK8,validation,2,64,0,1.0,0.0,1.0,1.0,1.0,1.0,1.0,1.0
hkmeans-L4xK8,test,2,64,0,1.0,0.0,1.0,1.0,1.0,1.0,1.0,1.0
hkmeans-L4xK8,validation,2,40,1,0.1915,0.0156,0.005,0.005,0.005,0.005,1.0,1.0
hkmeans-L4xK8,test,2,40,1,0.196,0.016,0.005,0.005,0.005,0.005,1.0,1.0
hkmeans-L4xK8,validation,2,80,1,0.344,0.0203,0.01,0.01,0.01,0.01,1.11,1.0
hkmeans-L4xK8,test,2,80,1,0.373,0.0208,0.01,0.01,0.01,0.01,1.09,1.0
hkmeans-L4xK8,validation,2,160,1,0.5305,0.021,0.02,0.02,0.02,0.02,1.61,1.0
hkmeans-L4xK8,test,2,160,1,0.5805,0.0216,0.02,0.02,0.02,0.02,1.69,1.0
hkmeans-L4xK8,validation,2,400,1,0.8025,0.0152,0.05,0.05,0.05,0.05,2.56,1.0
hkmeans-L4xK8,test,2,400,1,0.8135,0.0153,0.05,0.05,0.05,0.05,2.77,1.0
hkmeans-L4xK8,validation,4,1,0,0.1595,0.009,0.00069,0.00063,0.00137,0.00213,1.0,1.0
hkmeans-L4xK8,test,4,1,0,0.1915,0.0106,0.00071,0.00063,0.00137,0.00237,1.0,1.0
hkmeans-L4xK8,validation,4,2,0,0.2915,0.0125,0.00144,0.00137,0.00238,0.00325,1.88,1.0
hkmeans-L4xK8,test,4,2,0,0.324,0.0135,0.00144,0.00125,0.00276,0.00375,1.86,1.0
hkmeans-L4xK8,validation,4,4,0,0.454,0.0155,0.00288,0.00287,0.00438,0.0055,3.56,1.0
hkmeans-L4xK8,test,4,4,0,0.4895,0.0156,0.00282,0.00263,0.0045,0.00575,3.48,1.0
hkmeans-L4xK8,validation,4,8,0,0.6185,0.0158,0.00576,0.00562,0.00813,0.00925,6.93,1.0
hkmeans-L4xK8,test,4,8,0,0.646,0.0161,0.00564,0.00537,0.00813,0.0095,6.65,1.0
hkmeans-L4xK8,validation,4,16,0,0.753,0.0137,0.01144,0.01137,0.01488,0.01713,13.24,1.0
hkmeans-L4xK8,test,4,16,0,0.779,0.0144,0.01105,0.01063,0.01487,0.0175,12.79,1.0
hkmeans-L4xK8,validation,4,32,0,0.87,0.0108,0.02252,0.02225,0.02876,0.03288,24.91,1.0
hkmeans-L4xK8,test,4,32,0,0.876,0.0114,0.02196,0.02162,0.02801,0.03325,24.5,1.0
hkmeans-L4xK8,validation,4,64,0,0.938,0.0078,0.0442,0.04356,0.05551,0.05875,46.95,1.0
hkmeans-L4xK8,test,4,64,0,0.943,0.0075,0.04357,0.0435,0.05488,0.05813,46.65,1.0
hkmeans-L4xK8,validation,4,40,1,0.607,0.0159,0.005,0.005,0.005,0.005,6.67,1.0
hkmeans-L4xK8,test,4,40,1,0.635,0.0168,0.005,0.005,0.005,0.005,6.63,1.0
hkmeans-L4xK8,validation,4,80,1,0.739,0.0151,0.01,0.01,0.01,0.01,12.26,1.0
hkmeans-L4xK8,test,4,80,1,0.7655,0.016,0.01,0.01,0.01,0.01,12.28,1.0
hkmeans-L4xK8,validation,4,160,1,0.8635,0.0114,0.02,0.02,0.02,0.02,23.5,1.0
hkmeans-L4xK8,test,4,160,1,0.867,0.0125,0.02,0.02,0.02,0.02,23.57,1.0
hkmeans-L4xK8,validation,4,400,1,0.9495,0.0074,0.05,0.05,0.05,0.05,53.92,1.0
hkmeans-L4xK8,test,4,400,1,0.9545,0.0073,0.05,0.05,0.05,0.05,54.42,1.0
rvq-L4xK8,validation,2,1,0,0.4485,0.0193,0.02285,0.02525,0.03975,0.03975,1.0,1.0
rvq-L4xK8,test,2,1,0,0.503,0.0214,0.02432,0.02625,0.0385,0.03975,1.0,1.0
rvq-L4xK8,validation,2,2,0,0.6495,0.0185,0.04372,0.04381,0.06829,0.07462,1.79,1.0
rvq-L4xK8,test,2,2,0,0.665,0.0188,0.04406,0.04437,0.06775,0.07575,1.85,1.0
rvq-L4xK8,validation,2,4,0,0.794,0.0148,0.07874,0.07537,0.11925,0.13562,2.88,1.0
rvq-L4xK8,test,2,4,0,0.8035,0.0157,0.07751,0.07669,0.11725,0.13675,2.95,1.0
rvq-L4xK8,validation,2,8,0,0.9215,0.0093,0.14278,0.13931,0.21276,0.229,3.27,1.0
rvq-L4xK8,test,2,8,0,0.923,0.0093,0.14065,0.13894,0.20936,0.23675,3.4,1.0
rvq-L4xK8,validation,2,16,0,0.9775,0.0048,0.29779,0.3,0.35164,0.38725,6.17,1.0
rvq-L4xK8,test,2,16,0,0.9735,0.0048,0.29401,0.29875,0.3446,0.38975,6.29,1.0
rvq-L4xK8,validation,2,32,0,0.993,0.0021,0.55384,0.55694,0.61117,0.6435,9.1,1.0
rvq-L4xK8,test,2,32,0,0.996,0.0016,0.55656,0.56044,0.6048,0.65038,8.46,1.0
rvq-L4xK8,validation,2,64,0,1.0,0.0,1.0,1.0,1.0,1.0,1.0,1.0
rvq-L4xK8,test,2,64,0,1.0,0.0,1.0,1.0,1.0,1.0,1.0,1.0
rvq-L4xK8,validation,2,40,1,0.099,0.0101,0.005,0.005,0.005,0.005,1.01,1.0
rvq-L4xK8,test,2,40,1,0.0925,0.0093,0.005,0.005,0.005,0.005,1.03,1.0
rvq-L4xK8,validation,2,80,1,0.2005,0.014,0.01,0.01,0.01,0.01,1.05,1.0
rvq-L4xK8,test,2,80,1,0.1955,0.0143,0.01,0.01,0.01,0.01,1.06,1.0
rvq-L4xK8,validation,2,160,1,0.362,0.0181,0.02,0.02,0.02,0.02,1.43,1.0
rvq-L4xK8,test,2,160,1,0.393,0.0189,0.02,0.02,0.02,0.02,1.3,1.0
rvq-L4xK8,validation,2,400,1,0.669,0.0184,0.05,0.05,0.05,0.05,2.31,1.0
rvq-L4xK8,test,2,400,1,0.7005,0.0179,0.05,0.05,0.05,0.05,2.37,1.0
rvq-L4xK8,validation,4,1,0,0.1005,0.0096,0.00109,0.00063,0.00341,0.00813,1.0,1.0
rvq-L4xK8,test,4,1,0,0.1195,0.0125,0.00111,0.00063,0.00313,0.00813,1.0,1.0
rvq-L4xK8,validation,4,2,0,0.1735,0.0127,0.00196,0.00137,0.00638,0.01125,1.91,1.0
rvq-L4xK8,test,4,2,0,0.1715,0.0153,0.00195,0.00137,0.00525,0.01125,1.83,1.0
rvq-L4xK8,validation,4,4,0,0.249,0.0159,0.00326,0.0025,0.00887,0.01475,3.54,1.0
rvq-L4xK8,test,4,4,0,0.2555,0.0172,0.00333,0.00263,0.00826,0.01238,3.48,1.0
rvq-L4xK8,validation,4,8,0,0.3425,0.0186,0.0055,0.00469,0.01263,0.015,6.42,1.0
rvq-L4xK8,test,4,8,0,0.3705,0.0189,0.00573,0.00487,0.01177,0.0165,6.24,1.0
rvq-L4xK8,validation,4,16,0,0.453,0.0192,0.00899,0.00831,0.01688,0.02388,11.41,1.0
rvq-L4xK8,test,4,16,0,0.491,0.0191,0.00974,0.00925,0.01688,0.026,11.09,1.0
rvq-L4xK8,validation,4,32,0,0.5815,0.0185,0.01534,0.015,0.02526,0.03438,19.75,1.0
rvq-L4xK8,test,4,32,0,0.6265,0.0189,0.01603,0.01588,0.02463,0.03463,19.41,1.0
rvq-L4xK8,validation,4,64,0,0.709,0.017,0.02602,0.0265,0.03928,0.04838,32.51,1.0
rvq-L4xK8,test,4,64,0,0.7475,0.0167,0.02643,0.02687,0.03792,0.051,32.92,1.0
rvq-L4xK8,validation,4,40,1,0.3115,0.0142,0.005,0.005,0.005,0.005,6.43,1.0
rvq-L4xK8,test,4,40,1,0.349,0.0147,0.005,0.005,0.005,0.005,6.17,1.0
rvq-L4xK8,validation,4,80,1,0.4745,0.0166,0.01,0.01,0.01,0.01,11.88,1.0
rvq-L4xK8,test,4,80,1,0.507,0.0159,0.01,0.01,0.01,0.01,11.15,1.0
rvq-L4xK8,validation,4,160,1,0.6585,0.0162,0.02,0.02,0.02,0.02,21.98,1.0
rvq-L4xK8,test,4,160,1,0.694,0.0166,0.02,0.02,0.02,0.02,21.27,1.0
rvq-L4xK8,validation,4,400,1,0.844,0.0133,0.05,0.05,0.05,0.05,51.56,1.0
rvq-L4xK8,test,4,400,1,0.8635,0.0126,0.05,0.05,0.05,0.05,51.75,1.0
hkmeans-L6xK4,validation,2,1,0,0.73,0.0199,0.0895,0.08925,0.15225,0.15225,1.0,1.0
hkmeans-L6xK4,test,2,1,0,0.702,0.0208,0.08341,0.08925,0.15225,0.15225,1.0,1.0
hkmeans-L6xK4,validation,2,2,0,0.8805,0.013,0.17866,0.19075,0.2435,0.28225,1.59,1.0
hkmeans-L6xK4,test,2,2,0,0.874,0.014,0.16951,0.17831,0.24263,0.28225,1.57,1.0
hkmeans-L6xK4,validation,2,4,0,0.968,0.0069,0.35807,0.3665,0.46387,0.46387,2.37,1.0
hkmeans-L6xK4,test,2,4,0,0.971,0.0052,0.36223,0.37988,0.46387,0.46387,2.44,1.0
hkmeans-L6xK4,validation,2,8,0,0.9935,0.0026,0.66787,0.71637,0.76062,0.76125,3.49,1.0
hkmeans-L6xK4,test,2,8,0,0.996,0.0014,0.66358,0.71637,0.73137,0.76125,3.33,1.0
hkmeans-L6xK4,validation,2,16,0,1.0,0.0,1.0,1.0,1.0,1.0,1.0,1.0
hkmeans-L6xK4,test,2,16,0,1.0,0.0,1.0,1.0,1.0,1.0,1.0,1.0
hkmeans-L6xK4,validation,2,32,0,1.0,0.0,1.0,1.0,1.0,1.0,1.0,1.0
hkmeans-L6xK4,test,2,32,0,1.0,0.0,1.0,1.0,1.0,1.0,1.0,1.0
hkmeans-L6xK4,validation,2,64,0,1.0,0.0,1.0,1.0,1.0,1.0,1.0,1.0
hkmeans-L6xK4,test,2,64,0,1.0,0.0,1.0,1.0,1.0,1.0,1.0,1.0
hkmeans-L6xK4,validation,2,40,1,0.049,0.0081,0.005,0.005,0.005,0.005,1.0,1.0
hkmeans-L6xK4,test,2,40,1,0.05,0.0084,0.005,0.005,0.005,0.005,1.0,1.0
hkmeans-L6xK4,validation,2,80,1,0.1335,0.0158,0.01,0.01,0.01,0.01,1.0,1.0
hkmeans-L6xK4,test,2,80,1,0.112,0.0147,0.01,0.01,0.01,0.01,1.0,1.0
hkmeans-L6xK4,validation,2,160,1,0.229,0.0223,0.02,0.02,0.02,0.02,1.01,1.0
hkmeans-L6xK4,test,2,160,1,0.2025,0.0205,0.02,0.02,0.02,0.02,1.01,1.0
hkmeans-L6xK4,validation,2,400,1,0.503,0.0269,0.05,0.05,0.05,0.05,1.11,1.0
hkmeans-L6xK4,test,2,400,1,0.479,0.0263,0.05,0.05,0.05,0.05,1.09,1.0
hkmeans-L6xK4,validation,3,1,0,0.523,0.0203,0.02316,0.022,0.04512,0.04512,1.0,1.0
hkmeans-L6xK4,test,3,1,0,0.528,0.0212,0.02193,0.02125,0.04375,0.04512,1.0,1.0
hkmeans-L6xK4,validation,3,2,0,0.706,0.0171,0.04643,0.04469,0.08226,0.08887,1.68,1.0
hkmeans-L6xK4,test,3,2,0,0.6985,0.0185,0.0439,0.04375,0.081,0.08887,1.79,1.0
hkmeans-L6xK4,validation,3,4,0,0.8655,0.0125,0.09341,0.09575,0.13962,0.16987,2.52,1.0
hkmeans-L6xK4,test,3,4,0,0.8655,0.0123,0.08829,0.09037,0.136,0.15225,2.66,1.0
hkmeans-L6xK4,validation,3,8,0,0.942,0.0081,0.18642,0.20262,0.24889,0.266,4.31,1.0
hkmeans-L6xK4,test,3,8,0,0.943,0.0078,0.18472,0.19831,0.2483,0.2675,4.3,1.0
hkmeans-L6xK4,validation,3,16,0,0.981,0.0038,0.3649,0.39206,0.43827,0.45637,6.78,1.0
hkmeans-L6xK4,test,3,16,0,0.9825,0.0035,0.36395,0.39419,0.43564,0.45262,6.42,1.0
hkmeans-L6xK4,validation,3,32,0,0.998,0.001,0.66539,0.69012,0.73827,0.75325,9.46,1.0
hkmeans-L6xK4,test,3,32,0,0.9965,0.0013,0.66451,0.68769,0.73439,0.761,9.19,1.0
hkmeans-L6xK4,validation,3,64,0,1.0,0.0,1.0,1.0,1.0,1.0,1.0,1.0
hkmeans-L6xK4,test,3,64,0,1.0,0.0,1.0,1.0,1.0,1.0,1.0,1.0
hkmeans-L6xK4,validation,3,40,1,0.1705,0.0155,0.005,0.005,0.005,0.005,1.02,1.0
hkmeans-L6xK4,test,3,40,1,0.183,0.0172,0.005,0.005,0.005,0.005,1.03,1.0
hkmeans-L6xK4,validation,3,80,1,0.325,0.0206,0.01,0.01,0.01,0.01,1.14,1.0
hkmeans-L6xK4,test,3,80,1,0.3365,0.0213,0.01,0.01,0.01,0.01,1.15,1.0
hkmeans-L6xK4,validation,3,160,1,0.518,0.0215,0.02,0.02,0.02,0.02,1.39,1.0
hkmeans-L6xK4,test,3,160,1,0.519,0.0227,0.02,0.02,0.02,0.02,1.41,1.0
hkmeans-L6xK4,validation,3,400,1,0.745,0.0184,0.05,0.05,0.05,0.05,2.21,1.0
hkmeans-L6xK4,test,3,400,1,0.743,0.0185,0.05,0.05,0.05,0.05,2.31,1.0
hkmeans-L6xK4,validation,4,1,0,0.372,0.0175,0.0067,0.00631,0.01375,0.01775,1.0,1.0
hkmeans-L6xK4,test,4,1,0,0.384,0.0189,0.00643,0.00588,0.01238,0.01775,1.0,1.0
hkmeans-L6xK4,validation,4,2,0,0.546,0.0176,0.01295,0.01269,0.02389,0.03012,1.73,1.0
hkmeans-L6xK4,test,4,2,0,0.5445,0.019,0.0123,0.01188,0.02352,0.02838,1.77,1.0
hkmeans-L6xK4,validation,4,4,0,0.7095,0.015,0.02642,0.0255,0.04519,0.0535,2.85,1.0
hkmeans-L6xK4,test,4,4,0,0.7275,0.0167,0.02503,0.025,0.04566,0.05187,2.9,1.0
hkmeans-L6xK4,validation,4,8,0,0.854,0.0121,0.05213,0.05312,0.08026,0.09688,4.89,1.0
hkmeans-L6xK4,test,4,8,0,0.85,0.0126,0.05011,0.05019,0.08201,0.0915,5.09,1.0
hkmeans-L6xK4,validation,4,16,0,0.9325,0.0084,0.10219,0.10731,0.14267,0.169,8.14,1.0
hkmeans-L6xK4,test,4,16,0,0.9325,0.008,0.09982,0.10312,0.14227,0.16125,8.42,1.0
hkmeans-L6xK4,validation,4,32,0,0.973,0.0045,0.20379,0.21575,0.25627,0.27663,13.38,1.0
hkmeans-L6xK4,test,4,32,0,0.972,0.0047,0.20163,0.2165,0.25398,0.27475,13.84,1.0
hkmeans-L6xK4,validation,4,64,0,0.995,0.0017,0.39265,0.41525,0.45331,0.46487,21.59,1.0
hkmeans-L6xK4,test,4,64,0,0.9945,0.0018,0.39371,0.41687,0.45493,0.46987,21.23,1.0
hkmeans-L6xK4,validation,4,40,1,0.3635,0.0174,0.005,0.005,0.005,0.005,1.4,1.0
hkmeans-L6xK4,test,4,40,1,0.373,0.0197,0.005,0.005,0.005,0.005,1.4,1.0
hkmeans-L6xK4,validation,4,80,1,0.536,0.0182,0.01,0.01,0.01,0.01,1.99,1.0
hkmeans-L6xK4,test,4,80,1,0.531,0.02,0.01,0.01,0.01,0.01,2.02,1.0
hkmeans-L6xK4,validation,4,160,1,0.6795,0.0169,0.02,0.02,0.02,0.02,3.04,1.0
hkmeans-L6xK4,test,4,160,1,0.6885,0.0184,0.02,0.02,0.02,0.02,3.19,1.0
hkmeans-L6xK4,validation,4,400,1,0.848,0.0123,0.05,0.05,0.05,0.05,5.38,1.0
hkmeans-L6xK4,test,4,400,1,0.8555,0.0133,0.05,0.05,0.05,0.05,5.75,1.0
hkmeans-L6xK4,validation,5,1,0,0.241,0.0138,0.00212,0.00187,0.00451,0.00525,1.0,1.0
hkmeans-L6xK4,test,5,1,0,0.2605,0.0141,0.00206,0.00181,0.00451,0.00575,1.0,1.0
hkmeans-L6xK4,validation,5,2,0,0.395,0.0165,0.00416,0.004,0.00801,0.00975,1.75,1.0
hkmeans-L6xK4,test,5,2,0,0.4055,0.017,0.00409,0.00375,0.00752,0.011,1.75,1.0
hkmeans-L6xK4,validation,5,4,0,0.564,0.0164,0.00841,0.00806,0.01401,0.01937,3.2,1.0
hkmeans-L6xK4,test,5,4,0,0.593,0.0178,0.00823,0.00788,0.01416,0.01775,3.13,1.0
hkmeans-L6xK4,validation,5,8,0,0.7225,0.0146,0.01715,0.01719,0.02663,0.03225,5.79,1.0
hkmeans-L6xK4,test,5,8,0,0.7415,0.0156,0.01626,0.01581,0.02702,0.03338,5.75,1.0
hkmeans-L6xK4,validation,5,16,0,0.8495,0.0119,0.03402,0.03431,0.04916,0.05725,10.4,1.0
hkmeans-L6xK4,test,5,16,0,0.8435,0.013,0.03273,0.03263,0.05076,0.05488,10.58,1.0
hkmeans-L6xK4,validation,5,32,0,0.926,0.0078,0.06623,0.06813,0.09006,0.10237,18.5,1.0
hkmeans-L6xK4,test,5,32,0,0.9295,0.0079,0.06519,0.06725,0.09231,0.09963,18.81,1.0
hkmeans-L6xK4,validation,5,64,0,0.969,0.0047,0.13123,0.13706,0.16381,0.17663,33.12,1.0
hkmeans-L6xK4,test,5,64,0,0.972,0.0044,0.12973,0.13375,0.16371,0.17775,33.55,1.0
hkmeans-L6xK4,validation,5,40,1,0.48,0.018,0.005,0.005,0.005,0.005,2.73,1.0
hkmeans-L6xK4,test,5,40,1,0.5105,0.0182,0.005,0.005,0.005,0.005,2.88,1.0
hkmeans-L6xK4,validation,5,80,1,0.6365,0.017,0.01,0.01,0.01,0.01,4.62,1.0
hkmeans-L6xK4,test,5,80,1,0.653,0.018,0.01,0.01,0.01,0.01,4.68,1.0
hkmeans-L6xK4,validation,5,160,1,0.7675,0.0146,0.02,0.02,0.02,0.02,7.91,1.0
hkmeans-L6xK4,test,5,160,1,0.7805,0.0158,0.02,0.02,0.02,0.02,8.09,1.0
hkmeans-L6xK4,validation,5,400,1,0.8975,0.01,0.05,0.05,0.05,0.05,15.81,1.0
hkmeans-L6xK4,test,5,400,1,0.8955,0.0112,0.05,0.05,0.05,0.05,16.37,1.0
hkmeans-L6xK4,validation,6,1,0,0.1665,0.0103,0.00078,0.00069,0.00162,0.00263,1.0,1.0
hkmeans-L6xK4,test,6,1,0,0.178,0.0102,0.00078,0.00075,0.00163,0.0025,1.0,1.0
hkmeans-L6xK4,validation,6,2,0,0.2925,0.0137,0.00163,0.0015,0.00326,0.00462,1.8,1.0
hkmeans-L6xK4,test,6,2,0,0.2975,0.0134,0.00158,0.00137,0.00301,0.00487,1.82,1.0
hkmeans-L6xK4,validation,6,4,0,0.4445,0.0161,0.00338,0.00337,0.0055,0.0075,3.42,1.0
hkmeans-L6xK4,test,6,4,0,0.466,0.0159,0.00327,0.003,0.00576,0.00775,3.42,1.0
hkmeans-L6xK4,validation,6,8,0,0.596,0.0156,0.00706,0.00694,0.01064,0.01463,6.42,1.0
hkmeans-L6xK4,test,6,8,0,0.627,0.017,0.00667,0.0065,0.011,0.0135,6.42,1.0
hkmeans-L6xK4,validation,6,16,0,0.7395,0.0148,0.01422,0.01456,0.02001,0.02438,12.27,1.0
hkmeans-L6xK4,test,6,16,0,0.7505,0.0161,0.01364,0.01312,0.02064,0.02312,12.24,1.0
hkmeans-L6xK4,validation,6,32,0,0.851,0.0115,0.02783,0.02863,0.03788,0.04213,23.09,1.0
hkmeans-L6xK4,test,6,32,0,0.8665,0.012,0.02727,0.02756,0.03825,0.043,23.55,1.0
hkmeans-L6xK4,validation,6,64,0,0.9305,0.0076,0.05488,0.05681,0.06826,0.07487,43.92,1.0
hkmeans-L6xK4,test,6,64,0,0.9335,0.0081,0.05433,0.05606,0.06839,0.07225,44.23,1.0
hkmeans-L6xK4,validation,6,40,1,0.5625,0.0173,0.005,0.005,0.005,0.005,5.57,1.0
hkmeans-L6xK4,test,6,40,1,0.5945,0.018,0.005,0.005,0.005,0.005,5.88,1.0
hkmeans-L6xK4,validation,6,80,1,0.681,0.0164,0.01,0.01,0.01,0.01,10.07,1.0
hkmeans-L6xK4,test,6,80,1,0.71,0.0176,0.01,0.01,0.01,0.01,10.56,1.0
hkmeans-L6xK4,validation,6,160,1,0.812,0.0137,0.02,0.02,0.02,0.02,18.82,1.0
hkmeans-L6xK4,test,6,160,1,0.8195,0.0157,0.02,0.02,0.02,0.02,19.56,1.0
hkmeans-L6xK4,validation,6,400,1,0.916,0.0087,0.05,0.05,0.05,0.05,42.68,1.0
hkmeans-L6xK4,test,6,400,1,0.917,0.0094,0.05,0.05,0.05,0.05,43.23,1.0
rvq-L6xK4,validation,2,1,0,0.6445,0.0216,0.09099,0.1045,0.12962,0.12962,1.0,1.0
rvq-L6xK4,test,2,1,0,0.645,0.0223,0.08976,0.09162,0.12962,0.12962,1.0,1.0
rvq-L6xK4,validation,2,2,0,0.8065,0.0161,0.15667,0.15594,0.25412,0.25412,1.67,1.0
rvq-L6xK4,test,2,2,0,0.83,0.0166,0.16333,0.16112,0.25412,0.25412,1.75,1.0
rvq-L6xK4,validation,2,4,0,0.941,0.0094,0.29893,0.34844,0.40525,0.4435,1.96,1.0
rvq-L6xK4,test,2,4,0,0.942,0.0094,0.30293,0.3495,0.39311,0.4435,2.0,1.0
rvq-L6xK4,validation,2,8,0,0.991,0.0031,0.60042,0.61231,0.717,0.74662,2.9,1.0
rvq-L6xK4,test,2,8,0,0.995,0.002,0.59617,0.61913,0.717,0.72862,3.12,1.0
rvq-L6xK4,validation,2,16,0,1.0,0.0,1.0,1.0,1.0,1.0,1.0,1.0
rvq-L6xK4,test,2,16,0,1.0,0.0,1.0,1.0,1.0,1.0,1.0,1.0
rvq-L6xK4,validation,2,32,0,1.0,0.0,1.0,1.0,1.0,1.0,1.0,1.0
rvq-L6xK4,test,2,32,0,1.0,0.0,1.0,1.0,1.0,1.0,1.0,1.0
rvq-L6xK4,validation,2,64,0,1.0,0.0,1.0,1.0,1.0,1.0,1.0,1.0
rvq-L6xK4,test,2,64,0,1.0,0.0,1.0,1.0,1.0,1.0,1.0,1.0
rvq-L6xK4,validation,2,40,1,0.0405,0.0061,0.005,0.005,0.005,0.005,1.0,1.0
rvq-L6xK4,test,2,40,1,0.036,0.0058,0.005,0.005,0.005,0.005,1.0,1.0
rvq-L6xK4,validation,2,80,1,0.0805,0.0099,0.01,0.01,0.01,0.01,1.01,1.0
rvq-L6xK4,test,2,80,1,0.0685,0.0099,0.01,0.01,0.01,0.01,1.01,1.0
rvq-L6xK4,validation,2,160,1,0.165,0.0152,0.02,0.02,0.02,0.02,1.02,1.0
rvq-L6xK4,test,2,160,1,0.1375,0.0155,0.02,0.02,0.02,0.02,1.02,1.0
rvq-L6xK4,validation,2,400,1,0.425,0.0221,0.05,0.05,0.05,0.05,1.1,1.0
rvq-L6xK4,test,2,400,1,0.4015,0.0238,0.05,0.05,0.05,0.05,1.12,1.0
rvq-L6xK4,validation,3,1,0,0.442,0.0214,0.02877,0.02969,0.05232,0.05375,1.0,1.0
rvq-L6xK4,test,3,1,0,0.4475,0.0223,0.02797,0.02962,0.05375,0.05375,1.0,1.0
rvq-L6xK4,validation,3,2,0,0.6195,0.0205,0.05146,0.05187,0.0815,0.08338,1.76,1.0
rvq-L6xK4,test,3,2,0,0.6235,0.0212,0.04927,0.04888,0.0815,0.08338,1.74,1.0
rvq-L6xK4,validation,3,4,0,0.771,0.0178,0.08945,0.09187,0.12962,0.14225,2.75,1.0
rvq-L6xK4,test,3,4,0,0.7885,0.0168,0.08914,0.09219,0.12962,0.13712,2.69,1.0
rvq-L6xK4,validation,3,8,0,0.889,0.0122,0.15419,0.16731,0.22028,0.24525,4.18,1.0
rvq-L6xK4,test,3,8,0,0.9075,0.0107,0.15954,0.1685,0.22737,0.27113,4.26,1.0
rvq-L6xK4,validation,3,16,0,0.9595,0.0072,0.29078,0.32075,0.38745,0.41825,4.87,1.0
rvq-L6xK4,test,3,16,0,0.97,0.0055,0.29463,0.324,0.38982,0.41987,4.83,1.0
rvq-L6xK4,validation,3,32,0,0.995,0.0023,0.58839,0.59625,0.71379,0.74613,6.95,1.0
rvq-L6xK4,test,3,32,0,0.9955,0.002,0.58726,0.60656,0.68767,0.717,7.01,1.0
rvq-L6xK4,validation,3,64,0,1.0,0.0,1.0,1.0,1.0,1.0,1.0,1.0
rvq-L6xK4,test,3,64,0,1.0,0.0,1.0,1.0,1.0,1.0,1.0,1.0
rvq-L6xK4,validation,3,40,1,0.083,0.0083,0.005,0.005,0.005,0.005,1.03,1.0
rvq-L6xK4,test,3,40,1,0.079,0.0086,0.005,0.005,0.005,0.005,1.05,1.0
rvq-L6xK4,validation,3,80,1,0.1775,0.0136,0.01,0.01,0.01,0.01,1.09,1.0
rvq-L6xK4,test,3,80,1,0.1625,0.0135,0.01,0.01,0.01,0.01,1.1,1.0
rvq-L6xK4,validation,3,160,1,0.314,0.019,0.02,0.02,0.02,0.02,1.38,1.0
rvq-L6xK4,test,3,160,1,0.3085,0.0192,0.02,0.02,0.02,0.02,1.35,1.0
rvq-L6xK4,validation,3,400,1,0.623,0.0208,0.05,0.05,0.05,0.05,2.19,1.0
rvq-L6xK4,test,3,400,1,0.6475,0.0205,0.05,0.05,0.05,0.05,2.16,1.0
rvq-L6xK4,validation,4,1,0,0.2815,0.0206,0.01085,0.00819,0.02763,0.031,1.0,1.0
rvq-L6xK4,test,4,1,0,0.321,0.0217,0.01137,0.0085,0.028,0.031,1.0,1.0
rvq-L6xK4,validation,4,2,0,0.41,0.0215,0.01838,0.017,0.036,0.04775,1.75,1.0
rvq-L6xK4,test,4,2,0,0.451,0.0221,0.01827,0.0165,0.03601,0.042,1.75,1.0
rvq-L6xK4,validation,4,4,0,0.5705,0.0211,0.03132,0.03231,0.05227,0.05725,3.02,1.0
rvq-L6xK4,test,4,4,0,0.6045,0.0213,0.03055,0.03194,0.05175,0.05775,3.11,1.0
rvq-L6xK4,validation,4,8,0,0.73,0.0177,0.05212,0.05306,0.08342,0.0985,5.24,1.0
rvq-L6xK4,test,4,8,0,0.7265,0.018,0.05175,0.05375,0.07871,0.08937,5.23,1.0
rvq-L6xK4,validation,4,16,0,0.8485,0.0134,0.08926,0.0945,0.12602,0.15238,8.2,1.0
rvq-L6xK4,test,4,16,0,0.8485,0.0139,0.08814,0.09162,0.12576,0.13775,8.12,1.0
rvq-L6xK4,validation,4,32,0,0.921,0.0091,0.15402,0.16837,0.21816,0.23425,12.24,1.0
rvq-L6xK4,test,4,32,0,0.933,0.0088,0.15438,0.16506,0.20919,0.21987,12.22,1.0
rvq-L6xK4,validation,4,64,0,0.977,0.0047,0.28288,0.31094,0.37127,0.41763,14.65,1.0
rvq-L6xK4,test,4,64,0,0.983,0.0045,0.28805,0.30806,0.37926,0.40825,14.88,1.0
rvq-L6xK4,validation,4,40,1,0.131,0.0101,0.005,0.005,0.005,0.005,1.42,1.0
rvq-L6xK4,test,4,40,1,0.138,0.0099,0.005,0.005,0.005,0.005,1.4,1.0
rvq-L6xK4,validation,4,80,1,0.246,0.0151,0.01,0.01,0.01,0.01,1.85,1.0
rvq-L6xK4,test,4,80,1,0.2785,0.015,0.01,0.01,0.01,0.01,1.85,1.0
rvq-L6xK4,validation,4,160,1,0.45,0.0187,0.02,0.02,0.02,0.02,2.73,1.0
rvq-L6xK4,test,4,160,1,0.4715,0.0182,0.02,0.02,0.02,0.02,2.7,1.0
rvq-L6xK4,validation,4,400,1,0.7235,0.0171,0.05,0.05,0.05,0.05,5.6,1.0
rvq-L6xK4,test,4,400,1,0.739,0.0175,0.05,0.05,0.05,0.05,5.55,1.0
rvq-L6xK4,validation,5,1,0,0.194,0.019,0.00476,0.0025,0.01675,0.01988,1.0,1.0
rvq-L6xK4,test,5,1,0,0.224,0.0185,0.00493,0.00256,0.01512,0.01988,1.0,1.0
rvq-L6xK4,validation,5,2,0,0.288,0.0211,0.0075,0.00475,0.02079,0.02637,1.88,1.0
rvq-L6xK4,test,5,2,0,0.3205,0.021,0.00795,0.00531,0.02162,0.02562,1.83,1.0
rvq-L6xK4,validation,5,4,0,0.404,0.0229,0.01277,0.01069,0.02776,0.03712,3.44,1.0
rvq-L6xK4,test,5,4,0,0.4375,0.0214,0.01267,0.01094,0.02725,0.0355,3.3,1.0
rvq-L6xK4,validation,5,8,0,0.537,0.0217,0.02103,0.02069,0.04066,0.04913,6.11,1.0
rvq-L6xK4,test,5,8,0,0.5535,0.021,0.0202,0.02069,0.03737,0.0425,6.11,1.0
rvq-L6xK4,validation,5,16,0,0.6645,0.0194,0.03357,0.034,0.05576,0.06388,10.76,1.0
rvq-L6xK4,test,5,16,0,0.687,0.0193,0.03287,0.03406,0.05239,0.06563,10.59,1.0
rvq-L6xK4,validation,5,32,0,0.785,0.0154,0.05323,0.0535,0.08301,0.10675,18.38,1.0
rvq-L6xK4,test,5,32,0,0.795,0.0165,0.05245,0.05475,0.07831,0.09162,17.88,1.0
rvq-L6xK4,validation,5,64,0,0.8855,0.0119,0.08819,0.09225,0.12554,0.13937,29.74,1.0
rvq-L6xK4,test,5,64,0,0.882,0.0117,0.08701,0.09256,0.12119,0.13787,28.95,1.0
rvq-L6xK4,validation,5,40,1,0.1875,0.0123,0.005,0.005,0.005,0.005,2.67,1.0
rvq-L6xK4,test,5,40,1,0.21,0.0123,0.005,0.005,0.005,0.005,2.69,1.0
rvq-L6xK4,validation,5,80,1,0.3475,0.0166,0.01,0.01,0.01,0.01,4.17,1.0
rvq-L6xK4,test,5,80,1,0.3685,0.0153,0.01,0.01,0.01,0.01,4.38,1.0
rvq-L6xK4,validation,5,160,1,0.5475,0.0195,0.02,0.02,0.02,0.02,7.56,1.0
rvq-L6xK4,test,5,160,1,0.563,0.0174,0.02,0.02,0.02,0.02,7.66,1.0
rvq-L6xK4,validation,5,400,1,0.789,0.015,0.05,0.05,0.05,0.05,18.23,1.0
rvq-L6xK4,test,5,400,1,0.802,0.0154,0.05,0.05,0.05,0.05,17.82,1.0
rvq-L6xK4,validation,6,1,0,0.1095,0.0133,0.00169,0.00063,0.00614,0.01525,1.0,1.0
rvq-L6xK4,test,6,1,0,0.1375,0.0144,0.00208,0.001,0.00788,0.01525,1.0,1.0
rvq-L6xK4,validation,6,2,0,0.1765,0.0173,0.00293,0.0015,0.01063,0.01713,1.84,1.0
rvq-L6xK4,test,6,2,0,0.2055,0.0178,0.00342,0.002,0.01197,0.01713,1.85,1.0
rvq-L6xK4,validation,6,4,0,0.2595,0.0202,0.00497,0.003,0.01639,0.02075,3.42,1.0
rvq-L6xK4,test,6,4,0,0.2995,0.0199,0.00554,0.00387,0.01614,0.02063,3.42,1.0
rvq-L6xK4,validation,6,8,0,0.347,0.0215,0.00821,0.0065,0.02176,0.02587,6.26,1.0
rvq-L6xK4,test,6,8,0,0.392,0.0212,0.00845,0.00669,0.02041,0.025,6.33,1.0
rvq-L6xK4,validation,6,16,0,0.4695,0.0211,0.01342,0.01169,0.02739,0.034,11.27,1.0
rvq-L6xK4,test,6,16,0,0.5115,0.0219,0.01351,0.0125,0.02575,0.03225,11.52,1.0
rvq-L6xK4,validation,6,32,0,0.594,0.0202,0.02122,0.02131,0.03837,0.04312,19.82,1.0
rvq-L6xK4,test,6,32,0,0.6275,0.0202,0.0212,0.02237,0.036,0.04188,20.28,1.0
rvq-L6xK4,validation,6,64,0,0.719,0.0173,0.03312,0.03256,0.05214,0.06763,34.97,1.0
rvq-L6xK4,test,6,64,0,0.747,0.0174,0.03284,0.03494,0.05038,0.06388,36.16,1.0
rvq-L6xK4,validation,6,40,1,0.2615,0.0135,0.005,0.005,0.005,0.005,5.58,1.0
rvq-L6xK4,test,6,40,1,0.2715,0.0129,0.005,0.005,0.005,0.005,5.46,1.0
rvq-L6xK4,validation,6,80,1,0.4315,0.017,0.01,0.01,0.01,0.01,9.98,1.0
rvq-L6xK4,test,6,80,1,0.443,0.0158,0.01,0.01,0.01,0.01,9.86,1.0
rvq-L6xK4,validation,6,160,1,0.6095,0.0176,0.02,0.02,0.02,0.02,18.31,1.0
rvq-L6xK4,test,6,160,1,0.641,0.0169,0.02,0.02,0.02,0.02,19.14,1.0
rvq-L6xK4,validation,6,400,1,0.8155,0.0142,0.05,0.05,0.05,0.05,49.42,1.0
rvq-L6xK4,test,6,400,1,0.849,0.0128,0.05,0.05,0.05,0.05,51.88,1.0
hkmeans-L4xK16,validation,1,1,0,0.7695,0.0189,0.06834,0.07525,0.09675,0.09675,1.0,1.0
hkmeans-L4xK16,test,1,1,0,0.7595,0.0191,0.06526,0.06137,0.09675,0.09675,1.0,1.0
hkmeans-L4xK16,validation,1,2,0,0.8775,0.0126,0.13948,0.1385,0.17675,0.18588,1.84,1.0
hkmeans-L4xK16,test,1,2,0,0.89,0.0122,0.13523,0.134,0.17675,0.18588,1.89,1.0
hkmeans-L4xK16,validation,1,4,0,0.9595,0.0066,0.28348,0.28569,0.32499,0.34637,3.29,1.0
hkmeans-L4xK16,test,1,4,0,0.9685,0.0063,0.27971,0.27987,0.32155,0.34637,3.33,1.0
hkmeans-L4xK16,validation,1,8,0,0.993,0.0022,0.54725,0.54425,0.59275,0.60888,4.46,1.0
hkmeans-L4xK16,test,1,8,0,0.9945,0.0019,0.54385,0.53675,0.58213,0.60788,4.57,1.0
hkmeans-L4xK16,validation,1,16,0,1.0,0.0,1.0,1.0,1.0,1.0,1.0,1.0
hkmeans-L4xK16,test,1,16,0,1.0,0.0,1.0,1.0,1.0,1.0,1.0,1.0
hkmeans-L4xK16,validation,1,32,0,1.0,0.0,1.0,1.0,1.0,1.0,1.0,1.0
hkmeans-L4xK16,test,1,32,0,1.0,0.0,1.0,1.0,1.0,1.0,1.0,1.0
hkmeans-L4xK16,validation,1,64,0,1.0,0.0,1.0,1.0,1.0,1.0,1.0,1.0
hkmeans-L4xK16,test,1,64,0,1.0,0.0,1.0,1.0,1.0,1.0,1.0,1.0
hkmeans-L4xK16,validation,1,40,1,0.0785,0.0114,0.005,0.005,0.005,0.005,1.0,1.0
hkmeans-L4xK16,test,1,40,1,0.068,0.012,0.005,0.005,0.005,0.005,1.0,1.0
hkmeans-L4xK16,validation,1,80,1,0.144,0.0155,0.01,0.01,0.01,0.01,1.0,1.0
hkmeans-L4xK16,test,1,80,1,0.131,0.0151,0.01,0.01,0.01,0.01,1.0,1.0
hkmeans-L4xK16,validation,1,160,1,0.269,0.0197,0.02,0.02,0.02,0.02,1.0,1.0
hkmeans-L4xK16,test,1,160,1,0.2555,0.0208,0.02,0.02,0.02,0.02,1.0,1.0
hkmeans-L4xK16,validation,1,400,1,0.6185,0.0225,0.05,0.05,0.05,0.05,1.27,1.0
hkmeans-L4xK16,test,1,400,1,0.625,0.0233,0.05,0.05,0.05,0.05,1.26,1.0
hkmeans-L4xK16,validation,2,1,0,0.385,0.0181,0.00513,0.00487,0.00937,0.01063,1.0,1.0
hkmeans-L4xK16,test,2,1,0,0.42,0.0198,0.005,0.00462,0.00963,0.01063,1.0,1.0
hkmeans-L4xK16,validation,2,2,0,0.5475,0.0183,0.01014,0.00962,0.01652,0.01875,1.88,1.0
hkmeans-L4xK16,test,2,2,0,0.6,0.019,0.00991,0.00925,0.01625,0.02038,1.92,1.0
hkmeans-L4xK16,validation,2,4,0,0.722,0.0154,0.01977,0.0195,0.02852,0.03325,3.52,1.0
hkmeans-L4xK16,test,2,4,0,0.7355,0.016,0.01952,0.01912,0.0289,0.03413,3.46,1.0
hkmeans-L4xK16,validation,2,8,0,0.848,0.0121,0.04005,0.04019,0.05438,0.05962,5.93,1.0
hkmeans-L4xK16,test,2,8,0,0.8525,0.0124,0.03882,0.039,0.05462,0.06187,5.91,1.0
hkmeans-L4xK16,validation,2,16,0,0.929,0.0082,0.07966,0.08063,0.10338,0.11775,9.23,1.0
hkmeans-L4xK16,test,2,16,0,0.932,0.0081,0.07679,0.07875,0.1015,0.108,9.41,1.0
hkmeans-L4xK16,validation,2,32,0,0.973,0.0046,0.15893,0.15931,0.18997,0.2045,16.11,1.0
hkmeans-L4xK16,test,2,32,0,0.969,0.005,0.1561,0.15669,0.186,0.19312,16.45,1.0
hkmeans-L4xK16,validation,2,64,0,0.9935,0.0019,0.31169,0.31294,0.34294,0.35637,27.52,1.0
hkmeans-L4xK16,test,2,64,0,0.992,0.002,0.30936,0.30975,0.34126,0.35437,27.8,1.0
hkmeans-L4xK16,validation,2,40,1,0.3905,0.0181,0.005,0.005,0.005,0.005,1.52,1.0
hkmeans-L4xK16,test,2,40,1,0.4525,0.0189,0.005,0.005,0.005,0.005,1.56,1.0
hkmeans-L4xK16,validation,2,80,1,0.573,0.0181,0.01,0.01,0.01,0.01,2.46,1.0
hkmeans-L4xK16,test,2,80,1,0.609,0.0188,0.01,0.01,0.01,0.01,2.48,1.0
hkmeans-L4xK16,validation,2,160,1,0.74,0.0159,0.02,0.02,0.02,0.02,3.98,1.0
hkmeans-L4xK16,test,2,160,1,0.741,0.0169,0.02,0.02,0.02,0.02,4.0,1.0
hkmeans-L4xK16,validation,2,400,1,0.875,0.0113,0.05,0.05,0.05,0.05,7.11,1.0
hkmeans-L4xK16,test,2,400,1,0.8845,0.0115,0.05,0.05,0.05,0.05,7.25,1.0
hkmeans-L4xK16,validation,3,1,0,0.177,0.009,0.00068,0.0005,0.00175,0.002,1.0,1.0
hkmeans-L4xK16,test,3,1,0,0.1865,0.0092,0.00069,0.0005,0.00187,0.0025,1.0,1.0
hkmeans-L4xK16,validation,3,2,0,0.2975,0.0129,0.0014,0.00125,0.00263,0.00363,1.96,1.0
hkmeans-L4xK16,test,3,2,0,0.336,0.0134,0.00138,0.00125,0.00275,0.00387,1.91,1.0
hkmeans-L4xK16,validation,3,4,0,0.4565,0.0156,0.0028,0.00263,0.00451,0.0055,3.75,1.0
hkmeans-L4xK16,test,3,4,0,0.504,0.0159,0.00277,0.00263,0.00487,0.006,3.67,1.0
hkmeans-L4xK16,validation,3,8,0,0.6135,0.0158,0.0057,0.00562,0.008,0.00937,7.19,1.0
hkmeans-L4xK16,test,3,8,0,0.6625,0.0163,0.00561,0.0055,0.00901,0.01063,7.04,1.0
hkmeans-L4xK16,validation,3,16,0,0.7685,0.0138,0.01139,0.01131,0.015,0.01738,13.8,1.0
hkmeans-L4xK16,test,3,16,0,0.802,0.0135,0.01105,0.01087,0.01551,0.01825,13.32,1.0
hkmeans-L4xK16,validation,3,32,0,0.877,0.0111,0.02224,0.02212,0.02813,0.0325,26.05,1.0
hkmeans-L4xK16,test,3,32,0,0.8885,0.0108,0.02175,0.02125,0.02865,0.03425,25.66,1.0
hkmeans-L4xK16,validation,3,64,0,0.9465,0.007,0.04368,0.04419,0.05326,0.05738,48.64,1.0
hkmeans-L4xK16,test,3,64,0,0.958,0.0066,0.04275,0.04306,0.05242,0.05838,48.67,1.0
hkmeans-L4xK16,validation,3,40,1,0.5895,0.0169,0.005,0.005,0.005,0.005,6.67,1.0
hkmeans-L4xK16,test,3,40,1,0.644,0.017,0.005,0.005,0.005,0.005,6.7,1.0
hkmeans-L4xK16,validation,3,80,1,0.7365,0.0149,0.01,0.01,0.01,0.01,12.51,1.0
hkmeans-L4xK16,test,3,80,1,0.7755,0.0151,0.01,0.01,0.01,0.01,12.37,1.0
hkmeans-L4xK16,validation,3,160,1,0.8605,0.0127,0.02,0.02,0.02,0.02,23.82,1.0
hkmeans-L4xK16,test,3,160,1,0.876,0.0117,0.02,0.02,0.02,0.02,24.09,1.0
hkmeans-L4xK16,validation,3,400,1,0.948,0.0079,0.05,0.05,0.05,0.05,55.41,1.0
hkmeans-L4xK16,test,3,400,1,0.9595,0.0067,0.05,0.05,0.05,0.05,56.3,1.0
hkmeans-L4xK16,validation,4,1,0,0.1745,0.009,0.00066,0.0005,0.00163,0.00187,1.0,1.0
hkmeans-L4xK16,test,4,1,0,0.186,0.0092,0.00067,0.0005,0.00187,0.00187,1.0,1.0
hkmeans-L4xK16,validation,4,2,0,0.295,0.0129,0.00135,0.00125,0.00263,0.00363,2.0,1.0
hkmeans-L4xK16,test,4,2,0,0.3335,0.0134,0.00133,0.00119,0.0025,0.00325,2.0,1.0
hkmeans-L4xK16,validation,4,4,0,0.454,0.0155,0.00267,0.00263,0.00438,0.00513,4.0,1.0
hkmeans-L4xK16,test,4,4,0,0.5015,0.0159,0.00264,0.0025,0.00438,0.00525,4.0,1.0
hkmeans-L4xK16,validation,4,8,0,0.6105,0.0158,0.00541,0.00531,0.00776,0.00937,8.0,1.0
hkmeans-L4xK16,test,4,8,0,0.66,0.0163,0.00541,0.00531,0.00801,0.009,8.0,1.0
hkmeans-L4xK16,validation,4,16,0,0.7655,0.0138,0.01082,0.01069,0.01401,0.01663,15.99,1.0
hkmeans-L4xK16,test,4,16,0,0.7995,0.0136,0.01067,0.01075,0.01425,0.01638,15.99,1.0
hkmeans-L4xK16,validation,4,32,0,0.8745,0.0112,0.02116,0.02113,0.02589,0.02987,31.98,1.0
hkmeans-L4xK16,test,4,32,0,0.8865,0.0108,0.02087,0.02088,0.0265,0.03025,31.98,1.0
hkmeans-L4xK16,validation,4,64,0,0.945,0.0071,0.04166,0.04219,0.04938,0.0555,63.92,1.0
hkmeans-L4xK16,test,4,64,0,0.9565,0.0067,0.04106,0.04163,0.04901,0.0545,63.88,1.0
hkmeans-L4xK16,validation,4,40,1,0.59,0.0171,0.005,0.005,0.005,0.005,7.62,1.0
hkmeans-L4xK16,test,4,40,1,0.648,0.0172,0.005,0.005,0.005,0.005,7.79,1.0
hkmeans-L4xK16,validation,4,80,1,0.741,0.0148,0.01,0.01,0.01,0.01,14.95,1.0
hkmeans-L4xK16,test,4,80,1,0.776,0.0153,0.01,0.01,0.01,0.01,15.05,1.0
hkmeans-L4xK16,validation,4,160,1,0.8585,0.0127,0.02,0.02,0.02,0.02,30.09,1.0
hkmeans-L4xK16,test,4,160,1,0.876,0.0119,0.02,0.02,0.02,0.02,30.65,1.0
hkmeans-L4xK16,validation,4,400,1,0.9475,0.0081,0.05,0.05,0.05,0.05,76.79,1.0
hkmeans-L4xK16,test,4,400,1,0.9615,0.0064,0.05,0.05,0.05,0.05,77.88,1.0
rvq-L4xK16,validation,1,1,0,0.7695,0.0189,0.06834,0.07525,0.09675,0.09675,1.0,1.0
rvq-L4xK16,test,1,1,0,0.7595,0.0191,0.06526,0.06137,0.09675,0.09675,1.0,1.0
rvq-L4xK16,validation,1,2,0,0.8775,0.0126,0.13948,0.1385,0.17675,0.18588,1.84,1.0
rvq-L4xK16,test,1,2,0,0.89,0.0122,0.13523,0.134,0.17675,0.18588,1.89,1.0
rvq-L4xK16,validation,1,4,0,0.9595,0.0066,0.28348,0.28569,0.32499,0.34637,3.29,1.0
rvq-L4xK16,test,1,4,0,0.9685,0.0063,0.27971,0.27987,0.32155,0.34637,3.33,1.0
rvq-L4xK16,validation,1,8,0,0.993,0.0022,0.54725,0.54425,0.59275,0.60888,4.46,1.0
rvq-L4xK16,test,1,8,0,0.9945,0.0019,0.54385,0.53675,0.58213,0.60788,4.57,1.0
rvq-L4xK16,validation,1,16,0,1.0,0.0,1.0,1.0,1.0,1.0,1.0,1.0
rvq-L4xK16,test,1,16,0,1.0,0.0,1.0,1.0,1.0,1.0,1.0,1.0
rvq-L4xK16,validation,1,32,0,1.0,0.0,1.0,1.0,1.0,1.0,1.0,1.0
rvq-L4xK16,test,1,32,0,1.0,0.0,1.0,1.0,1.0,1.0,1.0,1.0
rvq-L4xK16,validation,1,64,0,1.0,0.0,1.0,1.0,1.0,1.0,1.0,1.0
rvq-L4xK16,test,1,64,0,1.0,0.0,1.0,1.0,1.0,1.0,1.0,1.0
rvq-L4xK16,validation,1,40,1,0.0735,0.0099,0.005,0.005,0.005,0.005,1.0,1.0
rvq-L4xK16,test,1,40,1,0.086,0.011,0.005,0.005,0.005,0.005,1.0,1.0
rvq-L4xK16,validation,1,80,1,0.1425,0.0131,0.01,0.01,0.01,0.01,1.0,1.0
rvq-L4xK16,test,1,80,1,0.131,0.0125,0.01,0.01,0.01,0.01,1.0,1.0
rvq-L4xK16,validation,1,160,1,0.2795,0.0176,0.02,0.02,0.02,0.02,1.0,1.0
rvq-L4xK16,test,1,160,1,0.2655,0.0175,0.02,0.02,0.02,0.02,1.0,1.0
rvq-L4xK16,validation,1,400,1,0.6175,0.0231,0.05,0.05,0.05,0.05,1.27,1.0
rvq-L4xK16,test,1,400,1,0.6225,0.0237,0.05,0.05,0.05,0.05,1.26,1.0
rvq-L4xK16,validation,2,1,0,0.3135,0.019,0.00728,0.00662,0.01525,0.0175,1.0,1.0
rvq-L4xK16,test,2,1,0,0.33,0.0174,0.00698,0.00637,0.01513,0.0175,1.0,1.0
rvq-L4xK16,validation,2,2,0,0.4585,0.0197,0.0133,0.01325,0.02339,0.02987,1.88,1.0
rvq-L4xK16,test,2,2,0,0.48,0.0184,0.0129,0.01225,0.02337,0.03263,1.92,1.0
rvq-L4xK16,validation,2,4,0,0.6135,0.0195,0.0235,0.02225,0.03739,0.0445,3.31,1.0
rvq-L4xK16,test,2,4,0,0.6155,0.0182,0.02218,0.02125,0.03576,0.04225,3.38,1.0
rvq-L4xK16,validation,2,8,0,0.7485,0.0172,0.04002,0.03856,0.05675,0.0705,5.13,1.0
rvq-L4xK16,test,2,8,0,0.7595,0.0155,0.03901,0.03675,0.05903,0.07137,5.25,1.0
rvq-L4xK16,validation,2,16,0,0.865,0.013,0.07149,0.07131,0.09715,0.11075,5.78,1.0
rvq-L4xK16,test,2,16,0,0.8825,0.0112,0.06847,0.06881,0.09776,0.11125,5.96,1.0
rvq-L4xK16,validation,2,32,0,0.9455,0.0076,0.14016,0.13856,0.17727,0.18862,11.05,1.0
rvq-L4xK16,test,2,32,0,0.9495,0.0067,0.13498,0.13425,0.17341,0.19475,11.67,1.0
rvq-L4xK16,validation,2,64,0,0.978,0.0044,0.27614,0.27631,0.31969,0.34963,19.93,1.0
rvq-L4xK16,test,2,64,0,0.984,0.0036,0.26976,0.26856,0.314,0.37688,20.39,1.0
rvq-L4xK16,validation,2,40,1,0.2155,0.0129,0.005,0.005,0.005,0.005,1.34,1.0
rvq-L4xK16,test,2,40,1,0.2535,0.0145,0.005,0.005,0.005,0.005,1.33,1.0
rvq-L4xK16,validation,2,80,1,0.382,0.0173,0.01,0.01,0.01,0.01,2.02,1.0
rvq-L4xK16,test,2,80,1,0.416,0.0163,0.01,0.01,0.01,0.01,2.14,1.0
rvq-L4xK16,validation,2,160,1,0.5835,0.019,0.02,0.02,0.02,0.02,3.25,1.0
rvq-L4xK16,test,2,160,1,0.5985,0.0177,0.02,0.02,0.02,0.02,3.46,1.0
rvq-L4xK16,validation,2,400,1,0.7955,0.0162,0.05,0.05,0.05,0.05,5.62,1.0
rvq-L4xK16,test,2,400,1,0.8215,0.0142,0.05,0.05,0.05,0.05,5.83,1.0
rvq-L4xK16,validation,3,1,0,0.1065,0.011,0.00088,0.0005,0.00264,0.00912,1.0,1.0
rvq-L4xK16,test,3,1,0,0.11,0.0101,0.00101,0.00063,0.00301,0.00912,1.0,1.0
rvq-L4xK16,validation,3,2,0,0.177,0.0138,0.00165,0.00119,0.00427,0.00925,1.91,1.0
rvq-L4xK16,test,3,2,0,0.1855,0.0141,0.00181,0.00137,0.005,0.01188,1.9,1.0
rvq-L4xK16,validation,3,4,0,0.2705,0.0167,0.00292,0.00256,0.00702,0.011,3.58,1.0
rvq-L4xK16,test,3,4,0,0.2705,0.0168,0.003,0.00237,0.00751,0.01263,3.56,1.0
rvq-L4xK16,validation,3,8,0,0.372,0.0179,0.00497,0.00462,0.01001,0.01463,6.51,1.0
rvq-L4xK16,test,3,8,0,0.3825,0.0179,0.00494,0.00431,0.01064,0.0145,6.38,1.0
rvq-L4xK16,validation,3,16,0,0.476,0.0192,0.00849,0.00838,0.01487,0.02088,11.14,1.0
rvq-L4xK16,test,3,16,0,0.488,0.0186,0.00821,0.0075,0.01613,0.01912,11.03,1.0
rvq-L4xK16,validation,3,32,0,0.6075,0.0178,0.01428,0.01375,0.02251,0.02913,20.27,1.0
rvq-L4xK16,test,3,32,0,0.6145,0.0173,0.01373,0.01312,0.02429,0.03163,20.02,1.0
rvq-L4xK16,validation,3,64,0,0.729,0.0164,0.02432,0.02363,0.03569,0.04537,35.3,1.0
rvq-L4xK16,test,3,64,0,0.7275,0.0154,0.02335,0.02244,0.03646,0.0465,34.55,1.0
rvq-L4xK16,validation,3,40,1,0.3705,0.0152,0.005,0.005,0.005,0.005,6.79,1.0
rvq-L4xK16,test,3,40,1,0.3845,0.016,0.005,0.005,0.005,0.005,7.0,1.0
rvq-L4xK16,validation,3,80,1,0.528,0.0168,0.01,0.01,0.01,0.01,12.38,1.0
rvq-L4xK16,test,3,80,1,0.5445,0.0163,0.01,0.01,0.01,0.01,12.73,1.0
rvq-L4xK16,validation,3,160,1,0.692,0.0169,0.02,0.02,0.02,0.02,24.23,1.0
rvq-L4xK16,test,3,160,1,0.7095,0.0155,0.02,0.02,0.02,0.02,24.27,1.0
rvq-L4xK16,validation,3,400,1,0.869,0.012,0.05,0.05,0.05,0.05,54.27,1.0
rvq-L4xK16,test,3,400,1,0.878,0.0109,0.05,0.05,0.05,0.05,55.09,1.0
rvq-L4xK16,validation,4,1,0,0.041,0.0078,0.00022,0.00013,0.00063,0.00775,1.0,1.0
rvq-L4xK16,test,4,1,0,0.0455,0.0063,0.00022,0.0,0.00076,0.00775,1.0,1.0
rvq-L4xK16,validation,4,2,0,0.0625,0.0085,0.0003,0.00013,0.001,0.00775,1.95,1.0
rvq-L4xK16,test,4,2,0,0.078,0.0093,0.00036,0.00013,0.00137,0.00863,1.95,1.0
rvq-L4xK16,validation,4,4,0,0.0945,0.0105,0.00046,0.00025,0.00126,0.00813,3.78,1.0
rvq-L4xK16,test,4,4,0,0.11,0.0111,0.00053,0.00025,0.00187,0.00863,3.79,1.0
rvq-L4xK16,validation,4,8,0,0.1325,0.0121,0.00073,0.0005,0.00176,0.00863,7.14,1.0
rvq-L4xK16,test,4,8,0,0.163,0.014,0.00091,0.00063,0.00276,0.00912,7.14,1.0
rvq-L4xK16,validation,4,16,0,0.1995,0.0151,0.00125,0.00088,0.00315,0.01025,13.28,1.0
rvq-L4xK16,test,4,16,0,0.2195,0.0163,0.00139,0.001,0.00376,0.0105,13.2,1.0
rvq-L4xK16,validation,4,32,0,0.267,0.0172,0.00202,0.00162,0.00487,0.01075,24.43,1.0
rvq-L4xK16,test,4,32,0,0.2915,0.0186,0.00218,0.00175,0.00538,0.01188,24.26,1.0
rvq-L4xK16,validation,4,64,0,0.3625,0.0182,0.00329,0.00287,0.00751,0.01238,44.59,1.0
rvq-L4xK16,test,4,64,0,0.3885,0.0192,0.00345,0.00313,0.00838,0.01238,44.19,1.0
rvq-L4xK16,validation,4,40,1,0.456,0.0154,0.005,0.005,0.005,0.005,23.32,1.0
rvq-L4xK16,test,4,40,1,0.481,0.0173,0.005,0.005,0.005,0.005,22.9,1.0
rvq-L4xK16,validation,4,80,1,0.621,0.0161,0.01,0.01,0.01,0.01,46.82,1.0
rvq-L4xK16,test,4,80,1,0.6315,0.0168,0.01,0.01,0.01,0.01,46.23,1.0
rvq-L4xK16,validation,4,160,1,0.7585,0.0145,0.02,0.02,0.02,0.02,95.97,1.0
rvq-L4xK16,test,4,160,1,0.778,0.0143,0.02,0.02,0.02,0.02,95.14,1.0
rvq-L4xK16,validation,4,400,1,0.899,0.0103,0.04963,0.05,0.05,0.05,240.89,0.92
rvq-L4xK16,test,4,400,1,0.907,0.0098,0.04944,0.05,0.05,0.05,240.94,0.865
hkmeans-L5xK16,validation,1,1,0,0.7695,0.0189,0.06834,0.07525,0.09675,0.09675,1.0,1.0
hkmeans-L5xK16,test,1,1,0,0.7595,0.0191,0.06526,0.06137,0.09675,0.09675,1.0,1.0
hkmeans-L5xK16,validation,1,2,0,0.8775,0.0126,0.13948,0.1385,0.17675,0.18588,1.84,1.0
hkmeans-L5xK16,test,1,2,0,0.89,0.0122,0.13523,0.134,0.17675,0.18588,1.89,1.0
hkmeans-L5xK16,validation,1,4,0,0.9595,0.0066,0.28348,0.28569,0.32499,0.34637,3.29,1.0
hkmeans-L5xK16,test,1,4,0,0.9685,0.0063,0.27971,0.27987,0.32155,0.34637,3.33,1.0
hkmeans-L5xK16,validation,1,8,0,0.993,0.0022,0.54725,0.54425,0.59275,0.60888,4.46,1.0
hkmeans-L5xK16,test,1,8,0,0.9945,0.0019,0.54385,0.53675,0.58213,0.60788,4.57,1.0
hkmeans-L5xK16,validation,1,16,0,1.0,0.0,1.0,1.0,1.0,1.0,1.0,1.0
hkmeans-L5xK16,test,1,16,0,1.0,0.0,1.0,1.0,1.0,1.0,1.0,1.0
hkmeans-L5xK16,validation,1,32,0,1.0,0.0,1.0,1.0,1.0,1.0,1.0,1.0
hkmeans-L5xK16,test,1,32,0,1.0,0.0,1.0,1.0,1.0,1.0,1.0,1.0
hkmeans-L5xK16,validation,1,64,0,1.0,0.0,1.0,1.0,1.0,1.0,1.0,1.0
hkmeans-L5xK16,test,1,64,0,1.0,0.0,1.0,1.0,1.0,1.0,1.0,1.0
hkmeans-L5xK16,validation,1,40,1,0.0785,0.0114,0.005,0.005,0.005,0.005,1.0,1.0
hkmeans-L5xK16,test,1,40,1,0.068,0.012,0.005,0.005,0.005,0.005,1.0,1.0
hkmeans-L5xK16,validation,1,80,1,0.144,0.0155,0.01,0.01,0.01,0.01,1.0,1.0
hkmeans-L5xK16,test,1,80,1,0.131,0.0151,0.01,0.01,0.01,0.01,1.0,1.0
hkmeans-L5xK16,validation,1,160,1,0.269,0.0197,0.02,0.02,0.02,0.02,1.0,1.0
hkmeans-L5xK16,test,1,160,1,0.2555,0.0208,0.02,0.02,0.02,0.02,1.0,1.0
hkmeans-L5xK16,validation,1,400,1,0.6185,0.0225,0.05,0.05,0.05,0.05,1.27,1.0
hkmeans-L5xK16,test,1,400,1,0.625,0.0233,0.05,0.05,0.05,0.05,1.26,1.0
hkmeans-L5xK16,validation,2,1,0,0.385,0.0181,0.00513,0.00487,0.00937,0.01063,1.0,1.0
hkmeans-L5xK16,test,2,1,0,0.42,0.0198,0.005,0.00462,0.00963,0.01063,1.0,1.0
hkmeans-L5xK16,validation,2,2,0,0.5475,0.0183,0.01014,0.00962,0.01652,0.01875,1.88,1.0
hkmeans-L5xK16,test,2,2,0,0.6,0.019,0.00991,0.00925,0.01625,0.02038,1.92,1.0
hkmeans-L5xK16,validation,2,4,0,0.722,0.0154,0.01977,0.0195,0.02852,0.03325,3.52,1.0
hkmeans-L5xK16,test,2,4,0,0.7355,0.016,0.01952,0.01912,0.0289,0.03413,3.46,1.0
hkmeans-L5xK16,validation,2,8,0,0.848,0.0121,0.04005,0.04019,0.05438,0.05962,5.93,1.0
hkmeans-L5xK16,test,2,8,0,0.8525,0.0124,0.03882,0.039,0.05462,0.06187,5.91,1.0
hkmeans-L5xK16,validation,2,16,0,0.929,0.0082,0.07966,0.08063,0.10338,0.11775,9.23,1.0
hkmeans-L5xK16,test,2,16,0,0.932,0.0081,0.07679,0.07875,0.1015,0.108,9.41,1.0
hkmeans-L5xK16,validation,2,32,0,0.973,0.0046,0.15893,0.15931,0.18997,0.2045,16.11,1.0
hkmeans-L5xK16,test,2,32,0,0.969,0.005,0.1561,0.15669,0.186,0.19312,16.45,1.0
hkmeans-L5xK16,validation,2,64,0,0.9935,0.0019,0.31169,0.31294,0.34294,0.35637,27.52,1.0
hkmeans-L5xK16,test,2,64,0,0.992,0.002,0.30936,0.30975,0.34126,0.35437,27.8,1.0
hkmeans-L5xK16,validation,2,40,1,0.3905,0.0181,0.005,0.005,0.005,0.005,1.52,1.0
hkmeans-L5xK16,test,2,40,1,0.4525,0.0189,0.005,0.005,0.005,0.005,1.56,1.0
hkmeans-L5xK16,validation,2,80,1,0.573,0.0181,0.01,0.01,0.01,0.01,2.46,1.0
hkmeans-L5xK16,test,2,80,1,0.609,0.0188,0.01,0.01,0.01,0.01,2.48,1.0
hkmeans-L5xK16,validation,2,160,1,0.74,0.0159,0.02,0.02,0.02,0.02,3.98,1.0
hkmeans-L5xK16,test,2,160,1,0.741,0.0169,0.02,0.02,0.02,0.02,4.0,1.0
hkmeans-L5xK16,validation,2,400,1,0.875,0.0113,0.05,0.05,0.05,0.05,7.11,1.0
hkmeans-L5xK16,test,2,400,1,0.8845,0.0115,0.05,0.05,0.05,0.05,7.25,1.0
hkmeans-L5xK16,validation,3,1,0,0.177,0.009,0.00068,0.0005,0.00175,0.002,1.0,1.0
hkmeans-L5xK16,test,3,1,0,0.1865,0.0092,0.00069,0.0005,0.00187,0.0025,1.0,1.0
hkmeans-L5xK16,validation,3,2,0,0.2975,0.0129,0.0014,0.00125,0.00263,0.00363,1.96,1.0
hkmeans-L5xK16,test,3,2,0,0.336,0.0134,0.00138,0.00125,0.00275,0.00387,1.91,1.0
hkmeans-L5xK16,validation,3,4,0,0.4565,0.0156,0.0028,0.00263,0.00451,0.0055,3.75,1.0
hkmeans-L5xK16,test,3,4,0,0.504,0.0159,0.00277,0.00263,0.00487,0.006,3.67,1.0
hkmeans-L5xK16,validation,3,8,0,0.6135,0.0158,0.0057,0.00562,0.008,0.00937,7.19,1.0
hkmeans-L5xK16,test,3,8,0,0.6625,0.0163,0.00561,0.0055,0.00901,0.01063,7.04,1.0
hkmeans-L5xK16,validation,3,16,0,0.7685,0.0138,0.01139,0.01131,0.015,0.01738,13.8,1.0
hkmeans-L5xK16,test,3,16,0,0.802,0.0135,0.01105,0.01087,0.01551,0.01825,13.32,1.0
hkmeans-L5xK16,validation,3,32,0,0.877,0.0111,0.02224,0.02212,0.02813,0.0325,26.05,1.0
hkmeans-L5xK16,test,3,32,0,0.8885,0.0108,0.02175,0.02125,0.02865,0.03425,25.66,1.0
hkmeans-L5xK16,validation,3,64,0,0.9465,0.007,0.04368,0.04419,0.05326,0.05738,48.64,1.0
hkmeans-L5xK16,test,3,64,0,0.958,0.0066,0.04275,0.04306,0.05242,0.05838,48.67,1.0
hkmeans-L5xK16,validation,3,40,1,0.5895,0.0169,0.005,0.005,0.005,0.005,6.67,1.0
hkmeans-L5xK16,test,3,40,1,0.644,0.017,0.005,0.005,0.005,0.005,6.7,1.0
hkmeans-L5xK16,validation,3,80,1,0.7365,0.0149,0.01,0.01,0.01,0.01,12.51,1.0
hkmeans-L5xK16,test,3,80,1,0.7755,0.0151,0.01,0.01,0.01,0.01,12.37,1.0
hkmeans-L5xK16,validation,3,160,1,0.8605,0.0127,0.02,0.02,0.02,0.02,23.82,1.0
hkmeans-L5xK16,test,3,160,1,0.876,0.0117,0.02,0.02,0.02,0.02,24.09,1.0
hkmeans-L5xK16,validation,3,400,1,0.948,0.0079,0.05,0.05,0.05,0.05,55.41,1.0
hkmeans-L5xK16,test,3,400,1,0.9595,0.0067,0.05,0.05,0.05,0.05,56.3,1.0
hkmeans-L5xK16,validation,4,1,0,0.1745,0.009,0.00066,0.0005,0.00163,0.00187,1.0,1.0
hkmeans-L5xK16,test,4,1,0,0.186,0.0092,0.00067,0.0005,0.00187,0.00187,1.0,1.0
hkmeans-L5xK16,validation,4,2,0,0.295,0.0129,0.00135,0.00125,0.00263,0.00363,2.0,1.0
hkmeans-L5xK16,test,4,2,0,0.3335,0.0134,0.00133,0.00119,0.0025,0.00325,2.0,1.0
hkmeans-L5xK16,validation,4,4,0,0.454,0.0155,0.00267,0.00263,0.00438,0.00513,4.0,1.0
hkmeans-L5xK16,test,4,4,0,0.5015,0.0159,0.00264,0.0025,0.00438,0.00525,4.0,1.0
hkmeans-L5xK16,validation,4,8,0,0.6105,0.0158,0.00541,0.00531,0.00776,0.00937,8.0,1.0
hkmeans-L5xK16,test,4,8,0,0.66,0.0163,0.00541,0.00531,0.00801,0.009,8.0,1.0
hkmeans-L5xK16,validation,4,16,0,0.7655,0.0138,0.01082,0.01069,0.01401,0.01663,15.99,1.0
hkmeans-L5xK16,test,4,16,0,0.7995,0.0136,0.01067,0.01075,0.01425,0.01638,15.99,1.0
hkmeans-L5xK16,validation,4,32,0,0.8745,0.0112,0.02116,0.02113,0.02589,0.02987,31.98,1.0
hkmeans-L5xK16,test,4,32,0,0.8865,0.0108,0.02087,0.02088,0.0265,0.03025,31.98,1.0
hkmeans-L5xK16,validation,4,64,0,0.945,0.0071,0.04166,0.04219,0.04938,0.0555,63.92,1.0
hkmeans-L5xK16,test,4,64,0,0.9565,0.0067,0.04106,0.04163,0.04901,0.0545,63.88,1.0
hkmeans-L5xK16,validation,4,40,1,0.59,0.0171,0.005,0.005,0.005,0.005,7.62,1.0
hkmeans-L5xK16,test,4,40,1,0.648,0.0172,0.005,0.005,0.005,0.005,7.79,1.0
hkmeans-L5xK16,validation,4,80,1,0.741,0.0148,0.01,0.01,0.01,0.01,14.95,1.0
hkmeans-L5xK16,test,4,80,1,0.776,0.0153,0.01,0.01,0.01,0.01,15.05,1.0
hkmeans-L5xK16,validation,4,160,1,0.8585,0.0127,0.02,0.02,0.02,0.02,30.09,1.0
hkmeans-L5xK16,test,4,160,1,0.876,0.0119,0.02,0.02,0.02,0.02,30.65,1.0
hkmeans-L5xK16,validation,4,400,1,0.9475,0.0081,0.05,0.05,0.05,0.05,76.79,1.0
hkmeans-L5xK16,test,4,400,1,0.9615,0.0064,0.05,0.05,0.05,0.05,77.88,1.0
hkmeans-L5xK16,validation,5,1,0,0.1745,0.009,0.00066,0.0005,0.00163,0.00187,1.0,1.0
hkmeans-L5xK16,test,5,1,0,0.186,0.0092,0.00067,0.0005,0.00187,0.00187,1.0,1.0
hkmeans-L5xK16,validation,5,2,0,0.295,0.0129,0.00135,0.00125,0.00263,0.00363,2.0,1.0
hkmeans-L5xK16,test,5,2,0,0.3335,0.0134,0.00133,0.00119,0.0025,0.00325,2.0,1.0
hkmeans-L5xK16,validation,5,4,0,0.454,0.0155,0.00267,0.00263,0.00438,0.00513,4.0,1.0
hkmeans-L5xK16,test,5,4,0,0.5015,0.0159,0.00264,0.0025,0.00438,0.00525,4.0,1.0
hkmeans-L5xK16,validation,5,8,0,0.6105,0.0158,0.00541,0.00531,0.00776,0.00937,8.0,1.0
hkmeans-L5xK16,test,5,8,0,0.66,0.0163,0.00541,0.00531,0.00801,0.009,8.0,1.0
hkmeans-L5xK16,validation,5,16,0,0.7655,0.0138,0.01082,0.01069,0.01401,0.01663,16.0,1.0
hkmeans-L5xK16,test,5,16,0,0.7995,0.0136,0.01067,0.01075,0.01425,0.01638,16.0,1.0
hkmeans-L5xK16,validation,5,32,0,0.8745,0.0112,0.02116,0.02113,0.02589,0.02987,32.0,1.0
hkmeans-L5xK16,test,5,32,0,0.8865,0.0108,0.02087,0.02088,0.0265,0.03025,32.0,1.0
hkmeans-L5xK16,validation,5,64,0,0.945,0.0071,0.04166,0.04219,0.04938,0.0555,64.0,1.0
hkmeans-L5xK16,test,5,64,0,0.9565,0.0067,0.04106,0.04163,0.04901,0.0545,64.0,1.0
hkmeans-L5xK16,validation,5,40,1,0.59,0.0171,0.005,0.005,0.005,0.005,7.62,1.0
hkmeans-L5xK16,test,5,40,1,0.648,0.0172,0.005,0.005,0.005,0.005,7.79,1.0
hkmeans-L5xK16,validation,5,80,1,0.741,0.0148,0.01,0.01,0.01,0.01,14.95,1.0
hkmeans-L5xK16,test,5,80,1,0.776,0.0153,0.01,0.01,0.01,0.01,15.05,1.0
hkmeans-L5xK16,validation,5,160,1,0.8585,0.0127,0.02,0.02,0.02,0.02,30.09,1.0
hkmeans-L5xK16,test,5,160,1,0.876,0.0119,0.02,0.02,0.02,0.02,30.65,1.0
hkmeans-L5xK16,validation,5,400,1,0.9475,0.0081,0.05,0.05,0.05,0.05,76.81,1.0
hkmeans-L5xK16,test,5,400,1,0.9615,0.0064,0.05,0.05,0.05,0.05,77.92,1.0
rvq-L5xK16,validation,1,1,0,0.7695,0.0189,0.06834,0.07525,0.09675,0.09675,1.0,1.0
rvq-L5xK16,test,1,1,0,0.7595,0.0191,0.06526,0.06137,0.09675,0.09675,1.0,1.0
rvq-L5xK16,validation,1,2,0,0.8775,0.0126,0.13948,0.1385,0.17675,0.18588,1.84,1.0
rvq-L5xK16,test,1,2,0,0.89,0.0122,0.13523,0.134,0.17675,0.18588,1.89,1.0
rvq-L5xK16,validation,1,4,0,0.9595,0.0066,0.28348,0.28569,0.32499,0.34637,3.29,1.0
rvq-L5xK16,test,1,4,0,0.9685,0.0063,0.27971,0.27987,0.32155,0.34637,3.33,1.0
rvq-L5xK16,validation,1,8,0,0.993,0.0022,0.54725,0.54425,0.59275,0.60888,4.46,1.0
rvq-L5xK16,test,1,8,0,0.9945,0.0019,0.54385,0.53675,0.58213,0.60788,4.57,1.0
rvq-L5xK16,validation,1,16,0,1.0,0.0,1.0,1.0,1.0,1.0,1.0,1.0
rvq-L5xK16,test,1,16,0,1.0,0.0,1.0,1.0,1.0,1.0,1.0,1.0
rvq-L5xK16,validation,1,32,0,1.0,0.0,1.0,1.0,1.0,1.0,1.0,1.0
rvq-L5xK16,test,1,32,0,1.0,0.0,1.0,1.0,1.0,1.0,1.0,1.0
rvq-L5xK16,validation,1,64,0,1.0,0.0,1.0,1.0,1.0,1.0,1.0,1.0
rvq-L5xK16,test,1,64,0,1.0,0.0,1.0,1.0,1.0,1.0,1.0,1.0
rvq-L5xK16,validation,1,40,1,0.0745,0.0099,0.005,0.005,0.005,0.005,1.0,1.0
rvq-L5xK16,test,1,40,1,0.0855,0.011,0.005,0.005,0.005,0.005,1.0,1.0
rvq-L5xK16,validation,1,80,1,0.1425,0.0131,0.01,0.01,0.01,0.01,1.0,1.0
rvq-L5xK16,test,1,80,1,0.1305,0.0125,0.01,0.01,0.01,0.01,1.0,1.0
rvq-L5xK16,validation,1,160,1,0.2795,0.0176,0.02,0.02,0.02,0.02,1.0,1.0
rvq-L5xK16,test,1,160,1,0.2655,0.0175,0.02,0.02,0.02,0.02,1.0,1.0
rvq-L5xK16,validation,1,400,1,0.617,0.0231,0.05,0.05,0.05,0.05,1.27,1.0
rvq-L5xK16,test,1,400,1,0.6225,0.0237,0.05,0.05,0.05,0.05,1.26,1.0
rvq-L5xK16,validation,2,1,0,0.3135,0.019,0.00728,0.00662,0.01525,0.0175,1.0,1.0
rvq-L5xK16,test,2,1,0,0.33,0.0174,0.00698,0.00637,0.01513,0.0175,1.0,1.0
rvq-L5xK16,validation,2,2,0,0.4585,0.0197,0.0133,0.01325,0.02339,0.02987,1.88,1.0
rvq-L5xK16,test,2,2,0,0.48,0.0184,0.0129,0.01225,0.02337,0.03263,1.92,1.0
rvq-L5xK16,validation,2,4,0,0.6135,0.0195,0.0235,0.02225,0.03739,0.0445,3.31,1.0
rvq-L5xK16,test,2,4,0,0.6155,0.0182,0.02218,0.02125,0.03576,0.04225,3.38,1.0
rvq-L5xK16,validation,2,8,0,0.7485,0.0172,0.04002,0.03856,0.05675,0.0705,5.13,1.0
rvq-L5xK16,test,2,8,0,0.7595,0.0155,0.03901,0.03675,0.05903,0.07137,5.25,1.0
rvq-L5xK16,validation,2,16,0,0.865,0.013,0.07149,0.07131,0.09715,0.11075,5.78,1.0
rvq-L5xK16,test,2,16,0,0.8825,0.0112,0.06847,0.06881,0.09776,0.11125,5.96,1.0
rvq-L5xK16,validation,2,32,0,0.9455,0.0076,0.14016,0.13856,0.17727,0.18862,11.05,1.0
rvq-L5xK16,test,2,32,0,0.9495,0.0067,0.13498,0.13425,0.17341,0.19475,11.67,1.0
rvq-L5xK16,validation,2,64,0,0.978,0.0044,0.27614,0.27631,0.31969,0.34963,19.93,1.0
rvq-L5xK16,test,2,64,0,0.984,0.0036,0.26976,0.26856,0.314,0.37688,20.39,1.0
rvq-L5xK16,validation,2,40,1,0.2125,0.0128,0.005,0.005,0.005,0.005,1.34,1.0
rvq-L5xK16,test,2,40,1,0.2555,0.0146,0.005,0.005,0.005,0.005,1.33,1.0
rvq-L5xK16,validation,2,80,1,0.3825,0.0174,0.01,0.01,0.01,0.01,2.02,1.0
rvq-L5xK16,test,2,80,1,0.414,0.0163,0.01,0.01,0.01,0.01,2.14,1.0
rvq-L5xK16,validation,2,160,1,0.5835,0.019,0.02,0.02,0.02,0.02,3.25,1.0
rvq-L5xK16,test,2,160,1,0.5985,0.0177,0.02,0.02,0.02,0.02,3.46,1.0
rvq-L5xK16,validation,2,400,1,0.796,0.0161,0.05,0.05,0.05,0.05,5.62,1.0
rvq-L5xK16,test,2,400,1,0.8215,0.0142,0.05,0.05,0.05,0.05,5.83,1.0
rvq-L5xK16,validation,3,1,0,0.1065,0.011,0.00088,0.0005,0.00264,0.00912,1.0,1.0
rvq-L5xK16,test,3,1,0,0.11,0.0101,0.00101,0.00063,0.00301,0.00912,1.0,1.0
rvq-L5xK16,validation,3,2,0,0.177,0.0138,0.00165,0.00119,0.00427,0.00925,1.91,1.0
rvq-L5xK16,test,3,2,0,0.1855,0.0141,0.00181,0.00137,0.005,0.01188,1.9,1.0
rvq-L5xK16,validation,3,4,0,0.2705,0.0167,0.00292,0.00256,0.00702,0.011,3.58,1.0
rvq-L5xK16,test,3,4,0,0.2705,0.0168,0.003,0.00237,0.00751,0.01263,3.56,1.0
rvq-L5xK16,validation,3,8,0,0.372,0.0179,0.00497,0.00462,0.01001,0.01463,6.51,1.0
rvq-L5xK16,test,3,8,0,0.3825,0.0179,0.00494,0.00431,0.01064,0.0145,6.38,1.0
rvq-L5xK16,validation,3,16,0,0.476,0.0192,0.00849,0.00838,0.01487,0.02088,11.14,1.0
rvq-L5xK16,test,3,16,0,0.488,0.0186,0.00821,0.0075,0.01613,0.01912,11.03,1.0
rvq-L5xK16,validation,3,32,0,0.6075,0.0178,0.01428,0.01375,0.02251,0.02913,20.27,1.0
rvq-L5xK16,test,3,32,0,0.6145,0.0173,0.01373,0.01312,0.02429,0.03163,20.02,1.0
rvq-L5xK16,validation,3,64,0,0.729,0.0164,0.02432,0.02363,0.03569,0.04537,35.3,1.0
rvq-L5xK16,test,3,64,0,0.7275,0.0154,0.02335,0.02244,0.03646,0.0465,34.55,1.0
rvq-L5xK16,validation,3,40,1,0.3665,0.0149,0.005,0.005,0.005,0.005,6.79,1.0
rvq-L5xK16,test,3,40,1,0.383,0.0159,0.005,0.005,0.005,0.005,7.0,1.0
rvq-L5xK16,validation,3,80,1,0.5275,0.0168,0.01,0.01,0.01,0.01,12.38,1.0
rvq-L5xK16,test,3,80,1,0.5435,0.0163,0.01,0.01,0.01,0.01,12.73,1.0
rvq-L5xK16,validation,3,160,1,0.6925,0.0169,0.02,0.02,0.02,0.02,24.23,1.0
rvq-L5xK16,test,3,160,1,0.7095,0.0155,0.02,0.02,0.02,0.02,24.27,1.0
rvq-L5xK16,validation,3,400,1,0.869,0.012,0.05,0.05,0.05,0.05,54.27,1.0
rvq-L5xK16,test,3,400,1,0.878,0.0109,0.05,0.05,0.05,0.05,55.09,1.0
rvq-L5xK16,validation,4,1,0,0.041,0.0078,0.00022,0.00013,0.00063,0.00775,1.0,1.0
rvq-L5xK16,test,4,1,0,0.0455,0.0063,0.00022,0.0,0.00076,0.00775,1.0,1.0
rvq-L5xK16,validation,4,2,0,0.0625,0.0085,0.0003,0.00013,0.001,0.00775,1.95,1.0
rvq-L5xK16,test,4,2,0,0.078,0.0093,0.00036,0.00013,0.00137,0.00863,1.95,1.0
rvq-L5xK16,validation,4,4,0,0.0945,0.0105,0.00046,0.00025,0.00126,0.00813,3.78,1.0
rvq-L5xK16,test,4,4,0,0.11,0.0111,0.00053,0.00025,0.00187,0.00863,3.79,1.0
rvq-L5xK16,validation,4,8,0,0.1325,0.0121,0.00073,0.0005,0.00176,0.00863,7.14,1.0
rvq-L5xK16,test,4,8,0,0.163,0.014,0.00091,0.00063,0.00276,0.00912,7.14,1.0
rvq-L5xK16,validation,4,16,0,0.1995,0.0151,0.00125,0.00088,0.00315,0.01025,13.28,1.0
rvq-L5xK16,test,4,16,0,0.2195,0.0163,0.00139,0.001,0.00376,0.0105,13.2,1.0
rvq-L5xK16,validation,4,32,0,0.267,0.0172,0.00202,0.00162,0.00487,0.01075,24.43,1.0
rvq-L5xK16,test,4,32,0,0.2915,0.0186,0.00218,0.00175,0.00538,0.01188,24.26,1.0
rvq-L5xK16,validation,4,64,0,0.3625,0.0182,0.00329,0.00287,0.00751,0.01238,44.59,1.0
rvq-L5xK16,test,4,64,0,0.3885,0.0192,0.00345,0.00313,0.00838,0.01238,44.19,1.0
rvq-L5xK16,validation,4,40,1,0.455,0.0155,0.005,0.005,0.005,0.005,23.32,1.0
rvq-L5xK16,test,4,40,1,0.4795,0.0173,0.005,0.005,0.005,0.005,22.9,1.0
rvq-L5xK16,validation,4,80,1,0.621,0.0161,0.01,0.01,0.01,0.01,46.82,1.0
rvq-L5xK16,test,4,80,1,0.6315,0.0167,0.01,0.01,0.01,0.01,46.23,1.0
rvq-L5xK16,validation,4,160,1,0.759,0.0145,0.02,0.02,0.02,0.02,95.97,1.0
rvq-L5xK16,test,4,160,1,0.7785,0.0143,0.02,0.02,0.02,0.02,95.14,1.0
rvq-L5xK16,validation,4,400,1,0.899,0.0103,0.04963,0.05,0.05,0.05,240.89,0.92
rvq-L5xK16,test,4,400,1,0.907,0.0098,0.04944,0.05,0.05,0.05,240.94,0.865
rvq-L5xK16,validation,5,1,0,0.017,0.0042,5e-05,0.0,0.00013,0.00162,1.0,1.0
rvq-L5xK16,test,5,1,0,0.0235,0.0044,6e-05,0.0,0.00025,0.00112,1.0,1.0
rvq-L5xK16,validation,5,2,0,0.0275,0.0058,7e-05,0.0,0.00025,0.0025,1.95,1.0
rvq-L5xK16,test,5,2,0,0.03,0.0057,7e-05,0.0,0.00038,0.00125,1.94,1.0
rvq-L5xK16,validation,5,4,0,0.0355,0.0064,0.0001,0.0,0.00038,0.00275,3.81,1.0
rvq-L5xK16,test,5,4,0,0.0465,0.0072,0.00012,0.0,0.00063,0.00187,3.76,1.0
rvq-L5xK16,validation,5,8,0,0.054,0.0073,0.00017,0.00013,0.0005,0.00487,7.28,1.0
rvq-L5xK16,test,5,8,0,0.0715,0.0094,0.00019,0.00013,0.00076,0.00275,7.17,1.0
rvq-L5xK16,validation,5,16,0,0.079,0.0095,0.00027,0.00013,0.00088,0.00675,13.92,1.0
rvq-L5xK16,test,5,16,0,0.098,0.0114,0.0003,0.00013,0.00113,0.00375,13.64,1.0
rvq-L5xK16,validation,5,32,0,0.105,0.0108,0.00039,0.00025,0.00112,0.00813,26.24,1.0
rvq-L5xK16,test,5,32,0,0.127,0.0131,0.00044,0.00025,0.0015,0.00537,26.09,1.0
rvq-L5xK16,validation,5,64,0,0.154,0.0136,0.00063,0.00038,0.00175,0.00825,49.31,1.0
rvq-L5xK16,test,5,64,0,0.173,0.0149,0.00065,0.00038,0.00201,0.00675,49.47,1.0
rvq-L5xK16,validation,5,40,1,0.5165,0.0155,0.00489,0.005,0.005,0.005,33.28,0.9
rvq-L5xK16,test,5,40,1,0.5385,0.0169,0.00491,0.005,0.005,0.005,33.04,0.915
rvq-L5xK16,validation,5,80,1,0.612,0.017,0.00807,0.00856,0.01,0.01,55.07,0.37
rvq-L5xK16,test,5,80,1,0.633,0.0174,0.00802,0.0085,0.01,0.01,54.19,0.38
rvq-L5xK16,validation,5,160,1,0.6265,0.0175,0.00913,0.00856,0.01564,0.02,62.33,0.005
rvq-L5xK16,test,5,160,1,0.652,0.0179,0.00919,0.0085,0.01613,0.0195,62.08,0.0
rvq-L5xK16,validation,5,400,1,0.6265,0.0175,0.00914,0.00856,0.01564,0.021,62.37,0.0
rvq-L5xK16,test,5,400,1,0.652,0.0179,0.00919,0.0085,0.01613,0.0195,62.08,0.0
rqvae-L4xK8,validation,2,1,0,0.471,0.0211,0.02512,0.02337,0.05387,0.05387,1.0,1.0
rqvae-L4xK8,test,2,1,0,0.5255,0.0211,0.02526,0.02344,0.05387,0.05387,1.0,1.0
rqvae-L4xK8,validation,2,2,0,0.641,0.0197,0.04738,0.04637,0.08163,0.09563,1.82,1.0
rqvae-L4xK8,test,2,2,0,0.699,0.0185,0.046,0.04612,0.08912,0.09563,1.79,1.0
rqvae-L4xK8,validation,2,4,0,0.807,0.0147,0.08952,0.083,0.146,0.16212,2.63,1.0
rqvae-L4xK8,test,2,4,0,0.8375,0.0134,0.08458,0.07988,0.14251,0.16212,2.81,1.0
rqvae-L4xK8,validation,2,8,0,0.923,0.0091,0.16215,0.16194,0.25575,0.26913,2.69,1.0
rqvae-L4xK8,test,2,8,0,0.9285,0.0093,0.15849,0.15187,0.25342,0.27237,2.97,1.0
rqvae-L4xK8,validation,2,16,0,0.9775,0.0043,0.32785,0.32812,0.42597,0.4605,5.3,1.0
rqvae-L4xK8,test,2,16,0,0.9745,0.0055,0.32381,0.32406,0.42854,0.45275,5.53,1.0
rqvae-L4xK8,validation,2,32,0,0.9945,0.002,0.60515,0.61725,0.68415,0.7035,7.36,1.0
rqvae-L4xK8,test,2,32,0,0.997,0.0014,0.60248,0.61981,0.68001,0.70688,7.36,1.0
rqvae-L4xK8,validation,2,64,0,1.0,0.0,1.0,1.0,1.0,1.0,1.0,1.0
rqvae-L4xK8,test,2,64,0,1.0,0.0,1.0,1.0,1.0,1.0,1.0,1.0
rqvae-L4xK8,validation,2,40,1,0.1065,0.0091,0.005,0.005,0.005,0.005,1.02,1.0
rqvae-L4xK8,test,2,40,1,0.1105,0.0097,0.005,0.005,0.005,0.005,1.01,1.0
rqvae-L4xK8,validation,2,80,1,0.233,0.0157,0.01,0.01,0.01,0.01,1.09,1.0
rqvae-L4xK8,test,2,80,1,0.233,0.016,0.01,0.01,0.01,0.01,1.06,1.0
rqvae-L4xK8,validation,2,160,1,0.381,0.0183,0.02,0.02,0.02,0.02,1.31,1.0
rqvae-L4xK8,test,2,160,1,0.429,0.02,0.02,0.02,0.02,0.02,1.29,1.0
rqvae-L4xK8,validation,2,400,1,0.679,0.0193,0.05,0.05,0.05,0.05,2.14,1.0
rqvae-L4xK8,test,2,400,1,0.72,0.0177,0.05,0.05,0.05,0.05,2.21,1.0
rqvae-L4xK8,validation,4,1,0,0.09,0.0094,0.00098,0.00075,0.00263,0.00613,1.0,1.0
rqvae-L4xK8,test,4,1,0,0.08,0.009,0.00101,0.00075,0.00276,0.005,1.0,1.0
rqvae-L4xK8,validation,4,2,0,0.1395,0.011,0.00186,0.00175,0.00401,0.0065,1.86,1.0
rqvae-L4xK8,test,4,2,0,0.1375,0.011,0.00177,0.00144,0.00413,0.005,1.9,1.0
rqvae-L4xK8,validation,4,4,0,0.2095,0.0131,0.00323,0.00287,0.00676,0.0075,3.4,1.0
rqvae-L4xK8,test,4,4,0,0.2305,0.0155,0.00339,0.00313,0.00714,0.00887,3.43,1.0
rqvae-L4xK8,validation,4,8,0,0.2955,0.0153,0.00582,0.00531,0.01112,0.014,6.14,1.0
rqvae-L4xK8,test,4,8,0,0.3315,0.0174,0.006,0.00569,0.01201,0.01337,6.24,1.0
rqvae-L4xK8,validation,4,16,0,0.4205,0.0174,0.01031,0.01019,0.018,0.02138,10.91,1.0
rqvae-L4xK8,test,4,16,0,0.4475,0.0185,0.01039,0.00988,0.01912,0.0225,10.99,1.0
rqvae-L4xK8,validation,4,32,0,0.562,0.018,0.01844,0.01875,0.02976,0.03787,18.62,1.0
rqvae-L4xK8,test,4,32,0,0.59,0.0188,0.01798,0.01706,0.02914,0.034,18.98,1.0
rqvae-L4xK8,validation,4,64,0,0.701,0.0169,0.03258,0.03306,0.05101,0.0595,31.21,1.0
rqvae-L4xK8,test,4,64,0,0.7255,0.0172,0.03146,0.03112,0.0514,0.05738,31.23,1.0
rqvae-L4xK8,validation,4,40,1,0.2735,0.0132,0.005,0.005,0.005,0.005,5.89,1.0
rqvae-L4xK8,test,4,40,1,0.305,0.0151,0.005,0.005,0.005,0.005,5.89,1.0
rqvae-L4xK8,validation,4,80,1,0.4135,0.0158,0.01,0.01,0.01,0.01,10.87,1.0
rqvae-L4xK8,test,4,80,1,0.4525,0.018,0.01,0.01,0.01,0.01,11.04,1.0
rqvae-L4xK8,validation,4,160,1,0.5905,0.0166,0.02,0.02,0.02,0.02,20.23,1.0
rqvae-L4xK8,test,4,160,1,0.637,0.0179,0.02,0.02,0.02,0.02,21.14,1.0
rqvae-L4xK8,validation,4,400,1,0.806,0.0142,0.05,0.05,0.05,0.05,46.53,1.0
rqvae-L4xK8,test,4,400,1,0.834,0.0137,0.05,0.05,0.05,0.05,48.73,1.0
ae+rvq-L4xK8,validation,2,1,0,0.4085,0.0209,0.02033,0.02013,0.03787,0.0405,1.0,1.0
ae+rvq-L4xK8,test,2,1,0,0.394,0.0198,0.02078,0.0215,0.03787,0.0405,1.0,1.0
ae+rvq-L4xK8,validation,2,2,0,0.576,0.0203,0.03763,0.03744,0.059,0.06775,1.72,1.0
ae+rvq-L4xK8,test,2,2,0,0.5675,0.0204,0.03784,0.037,0.06263,0.06775,1.73,1.0
ae+rvq-L4xK8,validation,2,4,0,0.748,0.0176,0.07043,0.06994,0.10346,0.1135,2.63,1.0
ae+rvq-L4xK8,test,2,4,0,0.7435,0.0179,0.07053,0.07056,0.10309,0.11625,2.61,1.0
ae+rvq-L4xK8,validation,2,8,0,0.8835,0.0138,0.13424,0.13288,0.17927,0.20062,2.89,1.0
ae+rvq-L4xK8,test,2,8,0,0.9125,0.0108,0.13438,0.13581,0.17913,0.195,2.85,1.0
ae+rvq-L4xK8,validation,2,16,0,0.96,0.0083,0.2639,0.2605,0.33785,0.36062,5.42,1.0
ae+rvq-L4xK8,test,2,16,0,0.9645,0.0065,0.26693,0.26569,0.34041,0.35387,5.42,1.0
ae+rvq-L4xK8,validation,2,32,0,0.9955,0.002,0.49732,0.49056,0.56025,0.57437,7.38,1.0
ae+rvq-L4xK8,test,2,32,0,0.994,0.0023,0.49997,0.49969,0.5595,0.56925,7.45,1.0
ae+rvq-L4xK8,validation,2,64,0,1.0,0.0,1.0,1.0,1.0,1.0,1.0,1.0
ae+rvq-L4xK8,test,2,64,0,1.0,0.0,1.0,1.0,1.0,1.0,1.0,1.0
ae+rvq-L4xK8,validation,2,40,1,0.107,0.0103,0.005,0.005,0.005,0.005,1.05,1.0
ae+rvq-L4xK8,test,2,40,1,0.1035,0.0109,0.005,0.005,0.005,0.005,1.03,1.0
ae+rvq-L4xK8,validation,2,80,1,0.2065,0.0149,0.01,0.01,0.01,0.01,1.14,1.0
ae+rvq-L4xK8,test,2,80,1,0.1985,0.0137,0.01,0.01,0.01,0.01,1.09,1.0
ae+rvq-L4xK8,validation,2,160,1,0.396,0.019,0.02,0.02,0.02,0.02,1.41,1.0
ae+rvq-L4xK8,test,2,160,1,0.3815,0.0188,0.02,0.02,0.02,0.02,1.38,1.0
ae+rvq-L4xK8,validation,2,400,1,0.6605,0.0192,0.05,0.05,0.05,0.05,2.33,1.0
ae+rvq-L4xK8,test,2,400,1,0.6455,0.0188,0.05,0.05,0.05,0.05,2.31,1.0
ae+rvq-L4xK8,validation,4,1,0,0.074,0.0092,0.00065,0.00038,0.00225,0.00675,1.0,1.0
ae+rvq-L4xK8,test,4,1,0,0.0735,0.009,0.00067,0.00038,0.00188,0.00675,1.0,1.0
ae+rvq-L4xK8,validation,4,2,0,0.123,0.0113,0.0012,0.00075,0.00389,0.00813,1.9,1.0
ae+rvq-L4xK8,test,4,2,0,0.118,0.0112,0.00126,0.00088,0.00325,0.00813,1.92,1.0
ae+rvq-L4xK8,validation,4,4,0,0.1855,0.0141,0.00209,0.00162,0.00638,0.01,3.53,1.0
ae+rvq-L4xK8,test,4,4,0,0.182,0.0144,0.00219,0.00162,0.006,0.01087,3.65,1.0
ae+rvq-L4xK8,validation,4,8,0,0.2765,0.0163,0.00365,0.003,0.00963,0.01337,6.53,1.0
ae+rvq-L4xK8,test,4,8,0,0.282,0.0169,0.00388,0.00325,0.00915,0.01438,6.77,1.0
ae+rvq-L4xK8,validation,4,16,0,0.385,0.0179,0.00654,0.00594,0.01326,0.01675,11.77,1.0
ae+rvq-L4xK8,test,4,16,0,0.395,0.0187,0.00663,0.00588,0.0129,0.01825,11.96,1.0
ae+rvq-L4xK8,validation,4,32,0,0.505,0.0185,0.01168,0.01087,0.02016,0.0265,20.39,1.0
ae+rvq-L4xK8,test,4,32,0,0.5235,0.0189,0.01182,0.011,0.02113,0.02525,21.34,1.0
ae+rvq-L4xK8,validation,4,64,0,0.654,0.0182,0.02077,0.02,0.03277,0.04113,34.95,1.0
ae+rvq-L4xK8,test,4,64,0,0.6335,0.0183,0.02076,0.02025,0.03216,0.03687,35.72,1.0
ae+rvq-L4xK8,validation,4,40,1,0.3195,0.014,0.005,0.005,0.005,0.005,9.05,1.0
ae+rvq-L4xK8,test,4,40,1,0.325,0.0143,0.005,0.005,0.005,0.005,9.31,1.0
ae+rvq-L4xK8,validation,4,80,1,0.4885,0.017,0.01,0.01,0.01,0.01,16.43,1.0
ae+rvq-L4xK8,test,4,80,1,0.48,0.0166,0.01,0.01,0.01,0.01,17.09,1.0
ae+rvq-L4xK8,validation,4,160,1,0.654,0.0169,0.02,0.02,0.02,0.02,31.34,1.0
ae+rvq-L4xK8,test,4,160,1,0.6455,0.017,0.02,0.02,0.02,0.02,32.06,1.0
ae+rvq-L4xK8,validation,4,400,1,0.8305,0.0145,0.05,0.05,0.05,0.05,71.5,1.0
ae+rvq-L4xK8,test,4,400,1,0.8295,0.0135,0.05,0.05,0.05,0.05,71.5,1.0
